path,class,class_id,source,severity,seed,split
train/ok/ok_0000.png,ok,0,synth,0.0,43,train
train/ok/ok_0001.png,ok,0,synth,0.0,43,train
train/ok/ok_0002.png,ok,0,synth,0.0,43,train
train/ok/ok_0003.png,ok,0,synth,0.0,43,train
train/ok/ok_0004.png,ok,0,synth,0.0,43,train
train/ok/ok_0005.png,ok,0,synth,0.0,43,train
train/ok/ok_0006.png,ok,0,synth,0.0,43,train
train/ok/ok_0007.png,ok,0,synth,0.0,43,train
train/ok/ok_0008.png,ok,0,synth,0.0,43,train
train/ok/ok_0009.png,ok,0,synth,0.0,43,train
train/ok/ok_0010.png,ok,0,synth,0.0,43,train
train/ok/ok_0011.png,ok,0,synth,0.0,43,train
train/ok/ok_0012.png,ok,0,synth,0.0,43,train
train/ok/ok_0013.png,ok,0,synth,0.0,43,train
train/ok/ok_0014.png,ok,0,synth,0.0,43,train
train/ok/ok_0015.png,ok,0,synth,0.0,43,train
train/ok/ok_0016.png,ok,0,synth,0.0,43,train
train/ok/ok_0017.png,ok,0,synth,0.0,43,train
train/ok/ok_0018.png,ok,0,synth,0.0,43,train
train/ok/ok_0019.png,ok,0,synth,0.0,43,train
train/ok/ok_0020.png,ok,0,synth,0.0,43,train
train/ok/ok_0021.png,ok,0,synth,0.0,43,train
train/ok/ok_0022.png,ok,0,synth,0.0,43,train
train/ok/ok_0023.png,ok,0,synth,0.0,43,train
train/ok/ok_0024.png,ok,0,synth,0.0,43,train
train/ok/ok_0025.png,ok,0,synth,0.0,43,train
train/ok/ok_0026.png,ok,0,synth,0.0,43,train
train/ok/ok_0027.png,ok,0,synth,0.0,43,train
train/ok/ok_0028.png,ok,0,synth,0.0,43,train
train/ok/ok_0029.png,ok,0,synth,0.0,43,train
train/ok/ok_0030.png,ok,0,synth,0.0,43,train
train/ok/ok_0031.png,ok,0,synth,0.0,43,train
train/ok/ok_0032.png,ok,0,synth,0.0,43,train
train/ok/ok_0033.png,ok,0,synth,0.0,43,train
train/ok/ok_0034.png,ok,0,synth,0.0,43,train
train/ok/ok_0035.png,ok,0,synth,0.0,43,train
train/ok/ok_0036.png,ok,0,synth,0.0,43,train
train/ok/ok_0037.png,ok,0,synth,0.0,43,train
train/ok/ok_0038.png,ok,0,synth,0.0,43,train
train/ok/ok_0039.png,ok,0,synth,0.0,43,train
train/ok/ok_0040.png,ok,0,synth,0.0,43,train
train/ok/ok_0041.png,ok,0,synth,0.0,43,train
train/ok/ok_0042.png,ok,0,synth,0.0,43,train
train/ok/ok_0043.png,ok,0,synth,0.0,43,train
train/ok/ok_0044.png,ok,0,synth,0.0,43,train
train/ok/ok_0045.png,ok,0,synth,0.0,43,train
train/ok/ok_0046.png,ok,0,synth,0.0,43,train
train/ok/ok_0047.png,ok,0,synth,0.0,43,train
train/ok/ok_0048.png,ok,0,synth,0.0,43,train
train/ok/ok_0049.png,ok,0,synth,0.0,43,train
train/ok/ok_0050.png,ok,0,synth,0.0,43,train
train/ok/ok_0051.png,ok,0,synth,0.0,43,train
train/ok/ok_0052.png,ok,0,synth,0.0,43,train
train/ok/ok_0053.png,ok,0,synth,0.0,43,train
train/ok/ok_0054.png,ok,0,synth,0.0,43,train
train/ok/ok_0055.png,ok,0,synth,0.0,43,train
train/ok/ok_0056.png,ok,0,synth,0.0,43,train
train/ok/ok_0057.png,ok,0,synth,0.0,43,train
train/ok/ok_0058.png,ok,0,synth,0.0,43,train
train/ok/ok_0059.png,ok,0,synth,0.0,43,train
train/ok/ok_0060.png,ok,0,synth,0.0,43,train
train/ok/ok_0061.png,ok,0,synth,0.0,43,train
train/ok/ok_0062.png,ok,0,synth,0.0,43,train
train/ok/ok_0063.png,ok,0,synth,0.0,43,train
train/ok/ok_0064.png,ok,0,synth,0.0,43,train
train/ok/ok_0065.png,ok,0,synth,0.0,43,train
train/ok/ok_0066.png,ok,0,synth,0.0,43,train
train/ok/ok_0067.png,ok,0,synth,0.0,43,train
train/ok/ok_0068.png,ok,0,synth,0.0,43,train
train/ok/ok_0069.png,ok,0,synth,0.0,43,train
train/ok/ok_0070.png,ok,0,synth,0.0,43,train
train/ok/ok_0071.png,ok,0,synth,0.0,43,train
train/ok/ok_0072.png,ok,0,synth,0.0,43,train
train/ok/ok_0073.png,ok,0,synth,0.0,43,train
train/ok/ok_0074.png,ok,0,synth,0.0,43,train
train/ok/ok_0075.png,ok,0,synth,0.0,43,train
train/ok/ok_0076.png,ok,0,synth,0.0,43,train
train/ok/ok_0077.png,ok,0,synth,0.0,43,train
train/ok/ok_0078.png,ok,0,synth,0.0,43,train
train/ok/ok_0079.png,ok,0,synth,0.0,43,train
train/ok/ok_0080.png,ok,0,synth,0.0,43,train
train/ok/ok_0081.png,ok,0,synth,0.0,43,train
train/ok/ok_0082.png,ok,0,synth,0.0,43,train
train/ok/ok_0083.png,ok,0,synth,0.0,43,train
train/ok/ok_0084.png,ok,0,synth,0.0,43,train
train/ok/ok_0085.png,ok,0,synth,0.0,43,train
train/ok/ok_0086.png,ok,0,synth,0.0,43,train
train/ok/ok_0087.png,ok,0,synth,0.0,43,train
train/ok/ok_0088.png,ok,0,synth,0.0,43,train
train/ok/ok_0089.png,ok,0,synth,0.0,43,train
train/ok/ok_0090.png,ok,0,synth,0.0,43,train
train/ok/ok_0091.png,ok,0,synth,0.0,43,train
train/ok/ok_0092.png,ok,0,synth,0.0,43,train
train/ok/ok_0093.png,ok,0,synth,0.0,43,train
train/ok/ok_0094.png,ok,0,synth,0.0,43,train
train/ok/ok_0095.png,ok,0,synth,0.0,43,train
train/ok/ok_0096.png,ok,0,synth,0.0,43,train
train/ok/ok_0097.png,ok,0,synth,0.0,43,train
train/ok/ok_0098.png,ok,0,synth,0.0,43,train
train/ok/ok_0099.png,ok,0,synth,0.0,43,train
train/ok/ok_0100.png,ok,0,synth,0.0,43,train
train/ok/ok_0101.png,ok,0,synth,0.0,43,train
train/ok/ok_0102.png,ok,0,synth,0.0,43,train
train/ok/ok_0103.png,ok,0,synth,0.0,43,train
train/ok/ok_0104.png,ok,0,synth,0.0,43,train
train/ok/ok_0105.png,ok,0,synth,0.0,43,train
train/ok/ok_0106.png,ok,0,synth,0.0,43,train
train/ok/ok_0107.png,ok,0,synth,0.0,43,train
train/ok/ok_0108.png,ok,0,synth,0.0,43,train
train/ok/ok_0109.png,ok,0,synth,0.0,43,train
train/ok/ok_0110.png,ok,0,synth,0.0,43,train
train/ok/ok_0111.png,ok,0,synth,0.0,43,train
train/ok/ok_0112.png,ok,0,synth,0.0,43,train
train/ok/ok_0113.png,ok,0,synth,0.0,43,train
train/ok/ok_0114.png,ok,0,synth,0.0,43,train
train/ok/ok_0115.png,ok,0,synth,0.0,43,train
train/ok/ok_0116.png,ok,0,synth,0.0,43,train
train/ok/ok_0117.png,ok,0,synth,0.0,43,train
train/ok/ok_0118.png,ok,0,synth,0.0,43,train
train/ok/ok_0119.png,ok,0,synth,0.0,43,train
train/ok/ok_0120.png,ok,0,synth,0.0,43,train
train/ok/ok_0121.png,ok,0,synth,0.0,43,train
train/ok/ok_0122.png,ok,0,synth,0.0,43,train
train/ok/ok_0123.png,ok,0,synth,0.0,43,train
train/ok/ok_0124.png,ok,0,synth,0.0,43,train
train/ok/ok_0125.png,ok,0,synth,0.0,43,train
train/ok/ok_0126.png,ok,0,synth,0.0,43,train
train/ok/ok_0127.png,ok,0,synth,0.0,43,train
train/ok/ok_0128.png,ok,0,synth,0.0,43,train
train/ok/ok_0129.png,ok,0,synth,0.0,43,train
train/ok/ok_0130.png,ok,0,synth,0.0,43,train
train/ok/ok_0131.png,ok,0,synth,0.0,43,train
train/ok/ok_0132.png,ok,0,synth,0.0,43,train
train/ok/ok_0133.png,ok,0,synth,0.0,43,train
train/ok/ok_0134.png,ok,0,synth,0.0,43,train
train/ok/ok_0135.png,ok,0,synth,0.0,43,train
train/ok/ok_0136.png,ok,0,synth,0.0,43,train
train/ok/ok_0137.png,ok,0,synth,0.0,43,train
train/ok/ok_0138.png,ok,0,synth,0.0,43,train
train/ok/ok_0139.png,ok,0,synth,0.0,43,train
train/ok/ok_0140.png,ok,0,synth,0.0,43,train
train/ok/ok_0141.png,ok,0,synth,0.0,43,train
train/ok/ok_0142.png,ok,0,synth,0.0,43,train
train/ok/ok_0143.png,ok,0,synth,0.0,43,train
train/ok/ok_0144.png,ok,0,synth,0.0,43,train
train/ok/ok_0145.png,ok,0,synth,0.0,43,train
train/ok/ok_0146.png,ok,0,synth,0.0,43,train
train/ok/ok_0147.png,ok,0,synth,0.0,43,train
train/ok/ok_0148.png,ok,0,synth,0.0,43,train
train/ok/ok_0149.png,ok,0,synth,0.0,43,train
train/ok/ok_0150.png,ok,0,synth,0.0,43,train
train/ok/ok_0151.png,ok,0,synth,0.0,43,train
train/ok/ok_0152.png,ok,0,synth,0.0,43,train
train/ok/ok_0153.png,ok,0,synth,0.0,43,train
train/ok/ok_0154.png,ok,0,synth,0.0,43,train
train/ok/ok_0155.png,ok,0,synth,0.0,43,train
train/ok/ok_0156.png,ok,0,synth,0.0,43,train
train/ok/ok_0157.png,ok,0,synth,0.0,43,train
train/ok/ok_0158.png,ok,0,synth,0.0,43,train
train/ok/ok_0159.png,ok,0,synth,0.0,43,train
train/ok/ok_0160.png,ok,0,synth,0.0,43,train
train/ok/ok_0161.png,ok,0,synth,0.0,43,train
train/ok/ok_0162.png,ok,0,synth,0.0,43,train
train/ok/ok_0163.png,ok,0,synth,0.0,43,train
train/ok/ok_0164.png,ok,0,synth,0.0,43,train
train/ok/ok_0165.png,ok,0,synth,0.0,43,train
train/ok/ok_0166.png,ok,0,synth,0.0,43,train
train/ok/ok_0167.png,ok,0,synth,0.0,43,train
train/ok/ok_0168.png,ok,0,synth,0.0,43,train
train/ok/ok_0169.png,ok,0,synth,0.0,43,train
train/ok/ok_0170.png,ok,0,synth,0.0,43,train
train/ok/ok_0171.png,ok,0,synth,0.0,43,train
train/ok/ok_0172.png,ok,0,synth,0.0,43,train
train/ok/ok_0173.png,ok,0,synth,0.0,43,train
train/ok/ok_0174.png,ok,0,synth,0.0,43,train
train/ok/ok_0175.png,ok,0,synth,0.0,43,train
train/ok/ok_0176.png,ok,0,synth,0.0,43,train
train/ok/ok_0177.png,ok,0,synth,0.0,43,train
train/ok/ok_0178.png,ok,0,synth,0.0,43,train
train/ok/ok_0179.png,ok,0,synth,0.0,43,train
train/ok/ok_0180.png,ok,0,synth,0.0,43,train
train/ok/ok_0181.png,ok,0,synth,0.0,43,train
train/ok/ok_0182.png,ok,0,synth,0.0,43,train
train/ok/ok_0183.png,ok,0,synth,0.0,43,train
train/ok/ok_0184.png,ok,0,synth,0.0,43,train
train/ok/ok_0185.png,ok,0,synth,0.0,43,train
train/ok/ok_0186.png,ok,0,synth,0.0,43,train
train/ok/ok_0187.png,ok,0,synth,0.0,43,train
train/ok/ok_0188.png,ok,0,synth,0.0,43,train
train/ok/ok_0189.png,ok,0,synth,0.0,43,train
train/ok/ok_0190.png,ok,0,synth,0.0,43,train
train/ok/ok_0191.png,ok,0,synth,0.0,43,train
train/ok/ok_0192.png,ok,0,synth,0.0,43,train
train/ok/ok_0193.png,ok,0,synth,0.0,43,train
train/ok/ok_0194.png,ok,0,synth,0.0,43,train
train/ok/ok_0195.png,ok,0,synth,0.0,43,train
train/ok/ok_0196.png,ok,0,synth,0.0,43,train
train/ok/ok_0197.png,ok,0,synth,0.0,43,train
train/ok/ok_0198.png,ok,0,synth,0.0,43,train
train/ok/ok_0199.png,ok,0,synth,0.0,43,train
train/ok/ok_0200.png,ok,0,synth,0.0,43,train
train/ok/ok_0201.png,ok,0,synth,0.0,43,train
train/ok/ok_0202.png,ok,0,synth,0.0,43,train
train/ok/ok_0203.png,ok,0,synth,0.0,43,train
train/ok/ok_0204.png,ok,0,synth,0.0,43,train
train/ok/ok_0205.png,ok,0,synth,0.0,43,train
train/ok/ok_0206.png,ok,0,synth,0.0,43,train
train/ok/ok_0207.png,ok,0,synth,0.0,43,train
train/ok/ok_0208.png,ok,0,synth,0.0,43,train
train/ok/ok_0209.png,ok,0,synth,0.0,43,train
train/ok/ok_0210.png,ok,0,synth,0.0,43,train
train/ok/ok_0211.png,ok,0,synth,0.0,43,train
train/ok/ok_0212.png,ok,0,synth,0.0,43,train
train/ok/ok_0213.png,ok,0,synth,0.0,43,train
train/ok/ok_0214.png,ok,0,synth,0.0,43,train
train/ok/ok_0215.png,ok,0,synth,0.0,43,train
train/ok/ok_0216.png,ok,0,synth,0.0,43,train
train/ok/ok_0217.png,ok,0,synth,0.0,43,train
train/ok/ok_0218.png,ok,0,synth,0.0,43,train
train/ok/ok_0219.png,ok,0,synth,0.0,43,train
train/ok/ok_0220.png,ok,0,synth,0.0,43,train
train/ok/ok_0221.png,ok,0,synth,0.0,43,train
train/ok/ok_0222.png,ok,0,synth,0.0,43,train
train/ok/ok_0223.png,ok,0,synth,0.0,43,train
train/ok/ok_0224.png,ok,0,synth,0.0,43,train
train/ok/ok_0225.png,ok,0,synth,0.0,43,train
train/ok/ok_0226.png,ok,0,synth,0.0,43,train
train/ok/ok_0227.png,ok,0,synth,0.0,43,train
train/ok/ok_0228.png,ok,0,synth,0.0,43,train
train/ok/ok_0229.png,ok,0,synth,0.0,43,train
train/ok/ok_0230.png,ok,0,synth,0.0,43,train
train/ok/ok_0231.png,ok,0,synth,0.0,43,train
train/ok/ok_0232.png,ok,0,synth,0.0,43,train
train/ok/ok_0233.png,ok,0,synth,0.0,43,train
train/ok/ok_0234.png,ok,0,synth,0.0,43,train
train/ok/ok_0235.png,ok,0,synth,0.0,43,train
train/ok/ok_0236.png,ok,0,synth,0.0,43,train
train/ok/ok_0237.png,ok,0,synth,0.0,43,train
train/ok/ok_0238.png,ok,0,synth,0.0,43,train
train/ok/ok_0239.png,ok,0,synth,0.0,43,train
train/ok/ok_0240.png,ok,0,synth,0.0,43,train
train/ok/ok_0241.png,ok,0,synth,0.0,43,train
train/ok/ok_0242.png,ok,0,synth,0.0,43,train
train/ok/ok_0243.png,ok,0,synth,0.0,43,train
train/ok/ok_0244.png,ok,0,synth,0.0,43,train
train/ok/ok_0245.png,ok,0,synth,0.0,43,train
train/ok/ok_0246.png,ok,0,synth,0.0,43,train
train/ok/ok_0247.png,ok,0,synth,0.0,43,train
train/ok/ok_0248.png,ok,0,synth,0.0,43,train
train/ok/ok_0249.png,ok,0,synth,0.0,43,train
train/ok/ok_0250.png,ok,0,synth,0.0,43,train
train/ok/ok_0251.png,ok,0,synth,0.0,43,train
train/ok/ok_0252.png,ok,0,synth,0.0,43,train
train/ok/ok_0253.png,ok,0,synth,0.0,43,train
train/ok/ok_0254.png,ok,0,synth,0.0,43,train
train/ok/ok_0255.png,ok,0,synth,0.0,43,train
train/ok/ok_0256.png,ok,0,synth,0.0,43,train
train/ok/ok_0257.png,ok,0,synth,0.0,43,train
train/ok/ok_0258.png,ok,0,synth,0.0,43,train
train/ok/ok_0259.png,ok,0,synth,0.0,43,train
train/ok/ok_0260.png,ok,0,synth,0.0,43,train
train/ok/ok_0261.png,ok,0,synth,0.0,43,train
train/ok/ok_0262.png,ok,0,synth,0.0,43,train
train/ok/ok_0263.png,ok,0,synth,0.0,43,train
train/ok/ok_0264.png,ok,0,synth,0.0,43,train
train/ok/ok_0265.png,ok,0,synth,0.0,43,train
train/ok/ok_0266.png,ok,0,synth,0.0,43,train
train/ok/ok_0267.png,ok,0,synth,0.0,43,train
train/ok/ok_0268.png,ok,0,synth,0.0,43,train
train/ok/ok_0269.png,ok,0,synth,0.0,43,train
train/ok/ok_0270.png,ok,0,synth,0.0,43,train
train/ok/ok_0271.png,ok,0,synth,0.0,43,train
train/ok/ok_0272.png,ok,0,synth,0.0,43,train
train/ok/ok_0273.png,ok,0,synth,0.0,43,train
train/ok/ok_0274.png,ok,0,synth,0.0,43,train
train/ok/ok_0275.png,ok,0,synth,0.0,43,train
train/ok/ok_0276.png,ok,0,synth,0.0,43,train
train/ok/ok_0277.png,ok,0,synth,0.0,43,train
train/ok/ok_0278.png,ok,0,synth,0.0,43,train
train/ok/ok_0279.png,ok,0,synth,0.0,43,train
train/ok/ok_0280.png,ok,0,synth,0.0,43,train
train/ok/ok_0281.png,ok,0,synth,0.0,43,train
train/ok/ok_0282.png,ok,0,synth,0.0,43,train
train/ok/ok_0283.png,ok,0,synth,0.0,43,train
train/ok/ok_0284.png,ok,0,synth,0.0,43,train
train/ok/ok_0285.png,ok,0,synth,0.0,43,train
train/ok/ok_0286.png,ok,0,synth,0.0,43,train
train/ok/ok_0287.png,ok,0,synth,0.0,43,train
train/ok/ok_0288.png,ok,0,synth,0.0,43,train
train/ok/ok_0289.png,ok,0,synth,0.0,43,train
train/ok/ok_0290.png,ok,0,synth,0.0,43,train
train/ok/ok_0291.png,ok,0,synth,0.0,43,train
train/ok/ok_0292.png,ok,0,synth,0.0,43,train
train/ok/ok_0293.png,ok,0,synth,0.0,43,train
train/ok/ok_0294.png,ok,0,synth,0.0,43,train
train/ok/ok_0295.png,ok,0,synth,0.0,43,train
train/ok/ok_0296.png,ok,0,synth,0.0,43,train
train/ok/ok_0297.png,ok,0,synth,0.0,43,train
train/ok/ok_0298.png,ok,0,synth,0.0,43,train
train/ok/ok_0299.png,ok,0,synth,0.0,43,train
train/ok/ok_0300.png,ok,0,synth,0.0,43,train
train/ok/ok_0301.png,ok,0,synth,0.0,43,train
train/ok/ok_0302.png,ok,0,synth,0.0,43,train
train/ok/ok_0303.png,ok,0,synth,0.0,43,train
train/ok/ok_0304.png,ok,0,synth,0.0,43,train
train/ok/ok_0305.png,ok,0,synth,0.0,43,train
train/ok/ok_0306.png,ok,0,synth,0.0,43,train
train/ok/ok_0307.png,ok,0,synth,0.0,43,train
train/ok/ok_0308.png,ok,0,synth,0.0,43,train
train/ok/ok_0309.png,ok,0,synth,0.0,43,train
train/ok/ok_0310.png,ok,0,synth,0.0,43,train
train/ok/ok_0311.png,ok,0,synth,0.0,43,train
train/ok/ok_0312.png,ok,0,synth,0.0,43,train
train/ok/ok_0313.png,ok,0,synth,0.0,43,train
train/ok/ok_0314.png,ok,0,synth,0.0,43,train
train/ok/ok_0315.png,ok,0,synth,0.0,43,train
train/ok/ok_0316.png,ok,0,synth,0.0,43,train
train/ok/ok_0317.png,ok,0,synth,0.0,43,train
train/ok/ok_0318.png,ok,0,synth,0.0,43,train
train/ok/ok_0319.png,ok,0,synth,0.0,43,train
train/ok/ok_0320.png,ok,0,synth,0.0,43,train
train/ok/ok_0321.png,ok,0,synth,0.0,43,train
train/ok/ok_0322.png,ok,0,synth,0.0,43,train
train/ok/ok_0323.png,ok,0,synth,0.0,43,train
train/ok/ok_0324.png,ok,0,synth,0.0,43,train
train/ok/ok_0325.png,ok,0,synth,0.0,43,train
train/ok/ok_0326.png,ok,0,synth,0.0,43,train
train/ok/ok_0327.png,ok,0,synth,0.0,43,train
train/ok/ok_0328.png,ok,0,synth,0.0,43,train
train/ok/ok_0329.png,ok,0,synth,0.0,43,train
train/ok/ok_0330.png,ok,0,synth,0.0,43,train
train/ok/ok_0331.png,ok,0,synth,0.0,43,train
train/ok/ok_0332.png,ok,0,synth,0.0,43,train
train/ok/ok_0333.png,ok,0,synth,0.0,43,train
train/ok/ok_0334.png,ok,0,synth,0.0,43,train
train/ok/ok_0335.png,ok,0,synth,0.0,43,train
train/ok/ok_0336.png,ok,0,synth,0.0,43,train
train/ok/ok_0337.png,ok,0,synth,0.0,43,train
train/ok/ok_0338.png,ok,0,synth,0.0,43,train
train/ok/ok_0339.png,ok,0,synth,0.0,43,train
train/ok/ok_0340.png,ok,0,synth,0.0,43,train
train/ok/ok_0341.png,ok,0,synth,0.0,43,train
train/ok/ok_0342.png,ok,0,synth,0.0,43,train
train/ok/ok_0343.png,ok,0,synth,0.0,43,train
train/ok/ok_0344.png,ok,0,synth,0.0,43,train
train/ok/ok_0345.png,ok,0,synth,0.0,43,train
train/ok/ok_0346.png,ok,0,synth,0.0,43,train
train/ok/ok_0347.png,ok,0,synth,0.0,43,train
train/ok/ok_0348.png,ok,0,synth,0.0,43,train
train/ok/ok_0349.png,ok,0,synth,0.0,43,train
train/hole/hole_0000.png,hole,1,synth,0.25,43,train
train/hole/hole_0001.png,hole,1,synth,0.4,43,train
train/hole/hole_0002.png,hole,1,synth,0.55,43,train
train/hole/hole_0003.png,hole,1,synth,0.7,43,train
train/hole/hole_0004.png,hole,1,synth,0.85,43,train
train/hole/hole_0005.png,hole,1,synth,1.0,43,train
train/hole/hole_0006.png,hole,1,synth,0.25,43,train
train/hole/hole_0007.png,hole,1,synth,0.4,43,train
train/hole/hole_0008.png,hole,1,synth,0.55,43,train
train/hole/hole_0009.png,hole,1,synth,0.7,43,train
train/hole/hole_0010.png,hole,1,synth,0.85,43,train
train/hole/hole_0011.png,hole,1,synth,1.0,43,train
train/hole/hole_0012.png,hole,1,synth,0.25,43,train
train/hole/hole_0013.png,hole,1,synth,0.4,43,train
train/hole/hole_0014.png,hole,1,synth,0.55,43,train
train/hole/hole_0015.png,hole,1,synth,0.7,43,train
train/hole/hole_0016.png,hole,1,synth,0.85,43,train
train/hole/hole_0017.png,hole,1,synth,1.0,43,train
train/hole/hole_0018.png,hole,1,synth,0.25,43,train
train/hole/hole_0019.png,hole,1,synth,0.4,43,train
train/hole/hole_0020.png,hole,1,synth,0.55,43,train
train/hole/hole_0021.png,hole,1,synth,0.7,43,train
train/hole/hole_0022.png,hole,1,synth,0.85,43,train
train/hole/hole_0023.png,hole,1,synth,1.0,43,train
train/hole/hole_0024.png,hole,1,synth,0.25,43,train
train/hole/hole_0025.png,hole,1,synth,0.4,43,train
train/hole/hole_0026.png,hole,1,synth,0.55,43,train
train/hole/hole_0027.png,hole,1,synth,0.7,43,train
train/hole/hole_0028.png,hole,1,synth,0.85,43,train
train/hole/hole_0029.png,hole,1,synth,1.0,43,train
train/hole/hole_0030.png,hole,1,synth,0.25,43,train
train/hole/hole_0031.png,hole,1,synth,0.4,43,train
train/hole/hole_0032.png,hole,1,synth,0.55,43,train
train/hole/hole_0033.png,hole,1,synth,0.7,43,train
train/hole/hole_0034.png,hole,1,synth,0.85,43,train
train/hole/hole_0035.png,hole,1,synth,1.0,43,train
train/hole/hole_0036.png,hole,1,synth,0.25,43,train
train/hole/hole_0037.png,hole,1,synth,0.4,43,train
train/hole/hole_0038.png,hole,1,synth,0.55,43,train
train/hole/hole_0039.png,hole,1,synth,0.7,43,train
train/hole/hole_0040.png,hole,1,synth,0.85,43,train
train/hole/hole_0041.png,hole,1,synth,1.0,43,train
train/hole/hole_0042.png,hole,1,synth,0.25,43,train
train/hole/hole_0043.png,hole,1,synth,0.4,43,train
train/hole/hole_0044.png,hole,1,synth,0.55,43,train
train/hole/hole_0045.png,hole,1,synth,0.7,43,train
train/hole/hole_0046.png,hole,1,synth,0.85,43,train
train/hole/hole_0047.png,hole,1,synth,1.0,43,train
train/hole/hole_0048.png,hole,1,synth,0.25,43,train
train/hole/hole_0049.png,hole,1,synth,0.4,43,train
train/hole/hole_0050.png,hole,1,synth,0.55,43,train
train/hole/hole_0051.png,hole,1,synth,0.7,43,train
train/hole/hole_0052.png,hole,1,synth,0.85,43,train
train/hole/hole_0053.png,hole,1,synth,1.0,43,train
train/hole/hole_0054.png,hole,1,synth,0.25,43,train
train/hole/hole_0055.png,hole,1,synth,0.4,43,train
train/hole/hole_0056.png,hole,1,synth,0.55,43,train
train/hole/hole_0057.png,hole,1,synth,0.7,43,train
train/hole/hole_0058.png,hole,1,synth,0.85,43,train
train/hole/hole_0059.png,hole,1,synth,1.0,43,train
train/hole/hole_0060.png,hole,1,synth,0.25,43,train
train/hole/hole_0061.png,hole,1,synth,0.4,43,train
train/hole/hole_0062.png,hole,1,synth,0.55,43,train
train/hole/hole_0063.png,hole,1,synth,0.7,43,train
train/hole/hole_0064.png,hole,1,synth,0.85,43,train
train/hole/hole_0065.png,hole,1,synth,1.0,43,train
train/hole/hole_0066.png,hole,1,synth,0.25,43,train
train/hole/hole_0067.png,hole,1,synth,0.4,43,train
train/hole/hole_0068.png,hole,1,synth,0.55,43,train
train/hole/hole_0069.png,hole,1,synth,0.7,43,train
train/hole/hole_0070.png,hole,1,synth,0.85,43,train
train/hole/hole_0071.png,hole,1,synth,1.0,43,train
train/hole/hole_0072.png,hole,1,synth,0.25,43,train
train/hole/hole_0073.png,hole,1,synth,0.4,43,train
train/hole/hole_0074.png,hole,1,synth,0.55,43,train
train/hole/hole_0075.png,hole,1,synth,0.7,43,train
train/hole/hole_0076.png,hole,1,synth,0.85,43,train
train/hole/hole_0077.png,hole,1,synth,1.0,43,train
train/hole/hole_0078.png,hole,1,synth,0.25,43,train
train/hole/hole_0079.png,hole,1,synth,0.4,43,train
train/hole/hole_0080.png,hole,1,synth,0.55,43,train
train/hole/hole_0081.png,hole,1,synth,0.7,43,train
train/hole/hole_0082.png,hole,1,synth,0.85,43,train
train/hole/hole_0083.png,hole,1,synth,1.0,43,train
train/hole/hole_0084.png,hole,1,synth,0.25,43,train
train/hole/hole_0085.png,hole,1,synth,0.4,43,train
train/hole/hole_0086.png,hole,1,synth,0.55,43,train
train/hole/hole_0087.png,hole,1,synth,0.7,43,train
train/hole/hole_0088.png,hole,1,synth,0.85,43,train
train/hole/hole_0089.png,hole,1,synth,1.0,43,train
train/hole/hole_0090.png,hole,1,synth,0.25,43,train
train/hole/hole_0091.png,hole,1,synth,0.4,43,train
train/hole/hole_0092.png,hole,1,synth,0.55,43,train
train/hole/hole_0093.png,hole,1,synth,0.7,43,train
train/hole/hole_0094.png,hole,1,synth,0.85,43,train
train/hole/hole_0095.png,hole,1,synth,1.0,43,train
train/hole/hole_0096.png,hole,1,synth,0.25,43,train
train/hole/hole_0097.png,hole,1,synth,0.4,43,train
train/hole/hole_0098.png,hole,1,synth,0.55,43,train
train/hole/hole_0099.png,hole,1,synth,0.7,43,train
train/hole/hole_0100.png,hole,1,synth,0.85,43,train
train/hole/hole_0101.png,hole,1,synth,1.0,43,train
train/hole/hole_0102.png,hole,1,synth,0.25,43,train
train/hole/hole_0103.png,hole,1,synth,0.4,43,train
train/hole/hole_0104.png,hole,1,synth,0.55,43,train
train/hole/hole_0105.png,hole,1,synth,0.7,43,train
train/hole/hole_0106.png,hole,1,synth,0.85,43,train
train/hole/hole_0107.png,hole,1,synth,1.0,43,train
train/hole/hole_0108.png,hole,1,synth,0.25,43,train
train/hole/hole_0109.png,hole,1,synth,0.4,43,train
train/hole/hole_0110.png,hole,1,synth,0.55,43,train
train/hole/hole_0111.png,hole,1,synth,0.7,43,train
train/hole/hole_0112.png,hole,1,synth,0.85,43,train
train/hole/hole_0113.png,hole,1,synth,1.0,43,train
train/hole/hole_0114.png,hole,1,synth,0.25,43,train
train/hole/hole_0115.png,hole,1,synth,0.4,43,train
train/hole/hole_0116.png,hole,1,synth,0.55,43,train
train/hole/hole_0117.png,hole,1,synth,0.7,43,train
train/hole/hole_0118.png,hole,1,synth,0.85,43,train
train/hole/hole_0119.png,hole,1,synth,1.0,43,train
train/hole/hole_0120.png,hole,1,synth,0.25,43,train
train/hole/hole_0121.png,hole,1,synth,0.4,43,train
train/hole/hole_0122.png,hole,1,synth,0.55,43,train
train/hole/hole_0123.png,hole,1,synth,0.7,43,train
train/hole/hole_0124.png,hole,1,synth,0.85,43,train
train/hole/hole_0125.png,hole,1,synth,1.0,43,train
train/hole/hole_0126.png,hole,1,synth,0.25,43,train
train/hole/hole_0127.png,hole,1,synth,0.4,43,train
train/hole/hole_0128.png,hole,1,synth,0.55,43,train
train/hole/hole_0129.png,hole,1,synth,0.7,43,train
train/hole/hole_0130.png,hole,1,synth,0.85,43,train
train/hole/hole_0131.png,hole,1,synth,1.0,43,train
train/hole/hole_0132.png,hole,1,synth,0.25,43,train
train/hole/hole_0133.png,hole,1,synth,0.4,43,train
train/hole/hole_0134.png,hole,1,synth,0.55,43,train
train/hole/hole_0135.png,hole,1,synth,0.7,43,train
train/hole/hole_0136.png,hole,1,synth,0.85,43,train
train/hole/hole_0137.png,hole,1,synth,1.0,43,train
train/hole/hole_0138.png,hole,1,synth,0.25,43,train
train/hole/hole_0139.png,hole,1,synth,0.4,43,train
train/hole/hole_0140.png,hole,1,synth,0.55,43,train
train/hole/hole_0141.png,hole,1,synth,0.7,43,train
train/hole/hole_0142.png,hole,1,synth,0.85,43,train
train/hole/hole_0143.png,hole,1,synth,1.0,43,train
train/hole/hole_0144.png,hole,1,synth,0.25,43,train
train/hole/hole_0145.png,hole,1,synth,0.4,43,train
train/hole/hole_0146.png,hole,1,synth,0.55,43,train
train/hole/hole_0147.png,hole,1,synth,0.7,43,train
train/hole/hole_0148.png,hole,1,synth,0.85,43,train
train/hole/hole_0149.png,hole,1,synth,1.0,43,train
train/hole/hole_0150.png,hole,1,synth,0.25,43,train
train/hole/hole_0151.png,hole,1,synth,0.4,43,train
train/hole/hole_0152.png,hole,1,synth,0.55,43,train
train/hole/hole_0153.png,hole,1,synth,0.7,43,train
train/hole/hole_0154.png,hole,1,synth,0.85,43,train
train/hole/hole_0155.png,hole,1,synth,1.0,43,train
train/hole/hole_0156.png,hole,1,synth,0.25,43,train
train/hole/hole_0157.png,hole,1,synth,0.4,43,train
train/hole/hole_0158.png,hole,1,synth,0.55,43,train
train/hole/hole_0159.png,hole,1,synth,0.7,43,train
train/hole/hole_0160.png,hole,1,synth,0.85,43,train
train/hole/hole_0161.png,hole,1,synth,1.0,43,train
train/hole/hole_0162.png,hole,1,synth,0.25,43,train
train/hole/hole_0163.png,hole,1,synth,0.4,43,train
train/hole/hole_0164.png,hole,1,synth,0.55,43,train
train/hole/hole_0165.png,hole,1,synth,0.7,43,train
train/hole/hole_0166.png,hole,1,synth,0.85,43,train
train/hole/hole_0167.png,hole,1,synth,1.0,43,train
train/hole/hole_0168.png,hole,1,synth,0.25,43,train
train/hole/hole_0169.png,hole,1,synth,0.4,43,train
train/hole/hole_0170.png,hole,1,synth,0.55,43,train
train/hole/hole_0171.png,hole,1,synth,0.7,43,train
train/hole/hole_0172.png,hole,1,synth,0.85,43,train
train/hole/hole_0173.png,hole,1,synth,1.0,43,train
train/hole/hole_0174.png,hole,1,synth,0.25,43,train
train/hole/hole_0175.png,hole,1,synth,0.4,43,train
train/hole/hole_0176.png,hole,1,synth,0.55,43,train
train/hole/hole_0177.png,hole,1,synth,0.7,43,train
train/hole/hole_0178.png,hole,1,synth,0.85,43,train
train/hole/hole_0179.png,hole,1,synth,1.0,43,train
train/hole/hole_0180.png,hole,1,synth,0.25,43,train
train/hole/hole_0181.png,hole,1,synth,0.4,43,train
train/hole/hole_0182.png,hole,1,synth,0.55,43,train
train/hole/hole_0183.png,hole,1,synth,0.7,43,train
train/hole/hole_0184.png,hole,1,synth,0.85,43,train
train/hole/hole_0185.png,hole,1,synth,1.0,43,train
train/hole/hole_0186.png,hole,1,synth,0.25,43,train
train/hole/hole_0187.png,hole,1,synth,0.4,43,train
train/hole/hole_0188.png,hole,1,synth,0.55,43,train
train/hole/hole_0189.png,hole,1,synth,0.7,43,train
train/hole/hole_0190.png,hole,1,synth,0.85,43,train
train/hole/hole_0191.png,hole,1,synth,1.0,43,train
train/hole/hole_0192.png,hole,1,synth,0.25,43,train
train/hole/hole_0193.png,hole,1,synth,0.4,43,train
train/hole/hole_0194.png,hole,1,synth,0.55,43,train
train/hole/hole_0195.png,hole,1,synth,0.7,43,train
train/hole/hole_0196.png,hole,1,synth,0.85,43,train
train/hole/hole_0197.png,hole,1,synth,1.0,43,train
train/hole/hole_0198.png,hole,1,synth,0.25,43,train
train/hole/hole_0199.png,hole,1,synth,0.4,43,train
train/hole/hole_0200.png,hole,1,synth,0.55,43,train
train/hole/hole_0201.png,hole,1,synth,0.7,43,train
train/hole/hole_0202.png,hole,1,synth,0.85,43,train
train/hole/hole_0203.png,hole,1,synth,1.0,43,train
train/hole/hole_0204.png,hole,1,synth,0.25,43,train
train/hole/hole_0205.png,hole,1,synth,0.4,43,train
train/hole/hole_0206.png,hole,1,synth,0.55,43,train
train/hole/hole_0207.png,hole,1,synth,0.7,43,train
train/hole/hole_0208.png,hole,1,synth,0.85,43,train
train/hole/hole_0209.png,hole,1,synth,1.0,43,train
train/hole/hole_0210.png,hole,1,synth,0.25,43,train
train/hole/hole_0211.png,hole,1,synth,0.4,43,train
train/hole/hole_0212.png,hole,1,synth,0.55,43,train
train/hole/hole_0213.png,hole,1,synth,0.7,43,train
train/hole/hole_0214.png,hole,1,synth,0.85,43,train
train/hole/hole_0215.png,hole,1,synth,1.0,43,train
train/hole/hole_0216.png,hole,1,synth,0.25,43,train
train/hole/hole_0217.png,hole,1,synth,0.4,43,train
train/hole/hole_0218.png,hole,1,synth,0.55,43,train
train/hole/hole_0219.png,hole,1,synth,0.7,43,train
train/hole/hole_0220.png,hole,1,synth,0.85,43,train
train/hole/hole_0221.png,hole,1,synth,1.0,43,train
train/hole/hole_0222.png,hole,1,synth,0.25,43,train
train/hole/hole_0223.png,hole,1,synth,0.4,43,train
train/hole/hole_0224.png,hole,1,synth,0.55,43,train
train/hole/hole_0225.png,hole,1,synth,0.7,43,train
train/hole/hole_0226.png,hole,1,synth,0.85,43,train
train/hole/hole_0227.png,hole,1,synth,1.0,43,train
train/hole/hole_0228.png,hole,1,synth,0.25,43,train
train/hole/hole_0229.png,hole,1,synth,0.4,43,train
train/hole/hole_0230.png,hole,1,synth,0.55,43,train
train/hole/hole_0231.png,hole,1,synth,0.7,43,train
train/hole/hole_0232.png,hole,1,synth,0.85,43,train
train/hole/hole_0233.png,hole,1,synth,1.0,43,train
train/hole/hole_0234.png,hole,1,synth,0.25,43,train
train/hole/hole_0235.png,hole,1,synth,0.4,43,train
train/hole/hole_0236.png,hole,1,synth,0.55,43,train
train/hole/hole_0237.png,hole,1,synth,0.7,43,train
train/hole/hole_0238.png,hole,1,synth,0.85,43,train
train/hole/hole_0239.png,hole,1,synth,1.0,43,train
train/hole/hole_0240.png,hole,1,synth,0.25,43,train
train/hole/hole_0241.png,hole,1,synth,0.4,43,train
train/hole/hole_0242.png,hole,1,synth,0.55,43,train
train/hole/hole_0243.png,hole,1,synth,0.7,43,train
train/hole/hole_0244.png,hole,1,synth,0.85,43,train
train/hole/hole_0245.png,hole,1,synth,1.0,43,train
train/hole/hole_0246.png,hole,1,synth,0.25,43,train
train/hole/hole_0247.png,hole,1,synth,0.4,43,train
train/hole/hole_0248.png,hole,1,synth,0.55,43,train
train/hole/hole_0249.png,hole,1,synth,0.7,43,train
train/hole/hole_0250.png,hole,1,synth,0.85,43,train
train/hole/hole_0251.png,hole,1,synth,1.0,43,train
train/hole/hole_0252.png,hole,1,synth,0.25,43,train
train/hole/hole_0253.png,hole,1,synth,0.4,43,train
train/hole/hole_0254.png,hole,1,synth,0.55,43,train
train/hole/hole_0255.png,hole,1,synth,0.7,43,train
train/hole/hole_0256.png,hole,1,synth,0.85,43,train
train/hole/hole_0257.png,hole,1,synth,1.0,43,train
train/hole/hole_0258.png,hole,1,synth,0.25,43,train
train/hole/hole_0259.png,hole,1,synth,0.4,43,train
train/hole/hole_0260.png,hole,1,synth,0.55,43,train
train/hole/hole_0261.png,hole,1,synth,0.7,43,train
train/hole/hole_0262.png,hole,1,synth,0.85,43,train
train/hole/hole_0263.png,hole,1,synth,1.0,43,train
train/hole/hole_0264.png,hole,1,synth,0.25,43,train
train/hole/hole_0265.png,hole,1,synth,0.4,43,train
train/hole/hole_0266.png,hole,1,synth,0.55,43,train
train/hole/hole_0267.png,hole,1,synth,0.7,43,train
train/hole/hole_0268.png,hole,1,synth,0.85,43,train
train/hole/hole_0269.png,hole,1,synth,1.0,43,train
train/hole/hole_0270.png,hole,1,synth,0.25,43,train
train/hole/hole_0271.png,hole,1,synth,0.4,43,train
train/hole/hole_0272.png,hole,1,synth,0.55,43,train
train/hole/hole_0273.png,hole,1,synth,0.7,43,train
train/hole/hole_0274.png,hole,1,synth,0.85,43,train
train/hole/hole_0275.png,hole,1,synth,1.0,43,train
train/hole/hole_0276.png,hole,1,synth,0.25,43,train
train/hole/hole_0277.png,hole,1,synth,0.4,43,train
train/hole/hole_0278.png,hole,1,synth,0.55,43,train
train/hole/hole_0279.png,hole,1,synth,0.7,43,train
train/hole/hole_0280.png,hole,1,synth,0.85,43,train
train/hole/hole_0281.png,hole,1,synth,1.0,43,train
train/hole/hole_0282.png,hole,1,synth,0.25,43,train
train/hole/hole_0283.png,hole,1,synth,0.4,43,train
train/hole/hole_0284.png,hole,1,synth,0.55,43,train
train/hole/hole_0285.png,hole,1,synth,0.7,43,train
train/hole/hole_0286.png,hole,1,synth,0.85,43,train
train/hole/hole_0287.png,hole,1,synth,1.0,43,train
train/hole/hole_0288.png,hole,1,synth,0.25,43,train
train/hole/hole_0289.png,hole,1,synth,0.4,43,train
train/hole/hole_0290.png,hole,1,synth,0.55,43,train
train/hole/hole_0291.png,hole,1,synth,0.7,43,train
train/hole/hole_0292.png,hole,1,synth,0.85,43,train
train/hole/hole_0293.png,hole,1,synth,1.0,43,train
train/hole/hole_0294.png,hole,1,synth,0.25,43,train
train/hole/hole_0295.png,hole,1,synth,0.4,43,train
train/hole/hole_0296.png,hole,1,synth,0.55,43,train
train/hole/hole_0297.png,hole,1,synth,0.7,43,train
train/hole/hole_0298.png,hole,1,synth,0.85,43,train
train/hole/hole_0299.png,hole,1,synth,1.0,43,train
train/hole/hole_0300.png,hole,1,synth,0.25,43,train
train/hole/hole_0301.png,hole,1,synth,0.4,43,train
train/hole/hole_0302.png,hole,1,synth,0.55,43,train
train/hole/hole_0303.png,hole,1,synth,0.7,43,train
train/hole/hole_0304.png,hole,1,synth,0.85,43,train
train/hole/hole_0305.png,hole,1,synth,1.0,43,train
train/hole/hole_0306.png,hole,1,synth,0.25,43,train
train/hole/hole_0307.png,hole,1,synth,0.4,43,train
train/hole/hole_0308.png,hole,1,synth,0.55,43,train
train/hole/hole_0309.png,hole,1,synth,0.7,43,train
train/hole/hole_0310.png,hole,1,synth,0.85,43,train
train/hole/hole_0311.png,hole,1,synth,1.0,43,train
train/hole/hole_0312.png,hole,1,synth,0.25,43,train
train/hole/hole_0313.png,hole,1,synth,0.4,43,train
train/hole/hole_0314.png,hole,1,synth,0.55,43,train
train/hole/hole_0315.png,hole,1,synth,0.7,43,train
train/hole/hole_0316.png,hole,1,synth,0.85,43,train
train/hole/hole_0317.png,hole,1,synth,1.0,43,train
train/hole/hole_0318.png,hole,1,synth,0.25,43,train
train/hole/hole_0319.png,hole,1,synth,0.4,43,train
train/hole/hole_0320.png,hole,1,synth,0.55,43,train
train/hole/hole_0321.png,hole,1,synth,0.7,43,train
train/hole/hole_0322.png,hole,1,synth,0.85,43,train
train/hole/hole_0323.png,hole,1,synth,1.0,43,train
train/hole/hole_0324.png,hole,1,synth,0.25,43,train
train/hole/hole_0325.png,hole,1,synth,0.4,43,train
train/hole/hole_0326.png,hole,1,synth,0.55,43,train
train/hole/hole_0327.png,hole,1,synth,0.7,43,train
train/hole/hole_0328.png,hole,1,synth,0.85,43,train
train/hole/hole_0329.png,hole,1,synth,1.0,43,train
train/hole/hole_0330.png,hole,1,synth,0.25,43,train
train/hole/hole_0331.png,hole,1,synth,0.4,43,train
train/hole/hole_0332.png,hole,1,synth,0.55,43,train
train/hole/hole_0333.png,hole,1,synth,0.7,43,train
train/hole/hole_0334.png,hole,1,synth,0.85,43,train
train/hole/hole_0335.png,hole,1,synth,1.0,43,train
train/hole/hole_0336.png,hole,1,synth,0.25,43,train
train/hole/hole_0337.png,hole,1,synth,0.4,43,train
train/hole/hole_0338.png,hole,1,synth,0.55,43,train
train/hole/hole_0339.png,hole,1,synth,0.7,43,train
train/hole/hole_0340.png,hole,1,synth,0.85,43,train
train/hole/hole_0341.png,hole,1,synth,1.0,43,train
train/hole/hole_0342.png,hole,1,synth,0.25,43,train
train/hole/hole_0343.png,hole,1,synth,0.4,43,train
train/hole/hole_0344.png,hole,1,synth,0.55,43,train
train/hole/hole_0345.png,hole,1,synth,0.7,43,train
train/hole/hole_0346.png,hole,1,synth,0.85,43,train
train/hole/hole_0347.png,hole,1,synth,1.0,43,train
train/hole/hole_0348.png,hole,1,synth,0.25,43,train
train/hole/hole_0349.png,hole,1,synth,0.4,43,train
train/stain/stain_0000.png,stain,2,synth,0.25,43,train
train/stain/stain_0001.png,stain,2,synth,0.4,43,train
train/stain/stain_0002.png,stain,2,synth,0.55,43,train
train/stain/stain_0003.png,stain,2,synth,0.7,43,train
train/stain/stain_0004.png,stain,2,synth,0.85,43,train
train/stain/stain_0005.png,stain,2,synth,1.0,43,train
train/stain/stain_0006.png,stain,2,synth,0.25,43,train
train/stain/stain_0007.png,stain,2,synth,0.4,43,train
train/stain/stain_0008.png,stain,2,synth,0.55,43,train
train/stain/stain_0009.png,stain,2,synth,0.7,43,train
train/stain/stain_0010.png,stain,2,synth,0.85,43,train
train/stain/stain_0011.png,stain,2,synth,1.0,43,train
train/stain/stain_0012.png,stain,2,synth,0.25,43,train
train/stain/stain_0013.png,stain,2,synth,0.4,43,train
train/stain/stain_0014.png,stain,2,synth,0.55,43,train
train/stain/stain_0015.png,stain,2,synth,0.7,43,train
train/stain/stain_0016.png,stain,2,synth,0.85,43,train
train/stain/stain_0017.png,stain,2,synth,1.0,43,train
train/stain/stain_0018.png,stain,2,synth,0.25,43,train
train/stain/stain_0019.png,stain,2,synth,0.4,43,train
train/stain/stain_0020.png,stain,2,synth,0.55,43,train
train/stain/stain_0021.png,stain,2,synth,0.7,43,train
train/stain/stain_0022.png,stain,2,synth,0.85,43,train
train/stain/stain_0023.png,stain,2,synth,1.0,43,train
train/stain/stain_0024.png,stain,2,synth,0.25,43,train
train/stain/stain_0025.png,stain,2,synth,0.4,43,train
train/stain/stain_0026.png,stain,2,synth,0.55,43,train
train/stain/stain_0027.png,stain,2,synth,0.7,43,train
train/stain/stain_0028.png,stain,2,synth,0.85,43,train
train/stain/stain_0029.png,stain,2,synth,1.0,43,train
train/stain/stain_0030.png,stain,2,synth,0.25,43,train
train/stain/stain_0031.png,stain,2,synth,0.4,43,train
train/stain/stain_0032.png,stain,2,synth,0.55,43,train
train/stain/stain_0033.png,stain,2,synth,0.7,43,train
train/stain/stain_0034.png,stain,2,synth,0.85,43,train
train/stain/stain_0035.png,stain,2,synth,1.0,43,train
train/stain/stain_0036.png,stain,2,synth,0.25,43,train
train/stain/stain_0037.png,stain,2,synth,0.4,43,train
train/stain/stain_0038.png,stain,2,synth,0.55,43,train
train/stain/stain_0039.png,stain,2,synth,0.7,43,train
train/stain/stain_0040.png,stain,2,synth,0.85,43,train
train/stain/stain_0041.png,stain,2,synth,1.0,43,train
train/stain/stain_0042.png,stain,2,synth,0.25,43,train
train/stain/stain_0043.png,stain,2,synth,0.4,43,train
train/stain/stain_0044.png,stain,2,synth,0.55,43,train
train/stain/stain_0045.png,stain,2,synth,0.7,43,train
train/stain/stain_0046.png,stain,2,synth,0.85,43,train
train/stain/stain_0047.png,stain,2,synth,1.0,43,train
train/stain/stain_0048.png,stain,2,synth,0.25,43,train
train/stain/stain_0049.png,stain,2,synth,0.4,43,train
train/stain/stain_0050.png,stain,2,synth,0.55,43,train
train/stain/stain_0051.png,stain,2,synth,0.7,43,train
train/stain/stain_0052.png,stain,2,synth,0.85,43,train
train/stain/stain_0053.png,stain,2,synth,1.0,43,train
train/stain/stain_0054.png,stain,2,synth,0.25,43,train
train/stain/stain_0055.png,stain,2,synth,0.4,43,train
train/stain/stain_0056.png,stain,2,synth,0.55,43,train
train/stain/stain_0057.png,stain,2,synth,0.7,43,train
train/stain/stain_0058.png,stain,2,synth,0.85,43,train
train/stain/stain_0059.png,stain,2,synth,1.0,43,train
train/stain/stain_0060.png,stain,2,synth,0.25,43,train
train/stain/stain_0061.png,stain,2,synth,0.4,43,train
train/stain/stain_0062.png,stain,2,synth,0.55,43,train
train/stain/stain_0063.png,stain,2,synth,0.7,43,train
train/stain/stain_0064.png,stain,2,synth,0.85,43,train
train/stain/stain_0065.png,stain,2,synth,1.0,43,train
train/stain/stain_0066.png,stain,2,synth,0.25,43,train
train/stain/stain_0067.png,stain,2,synth,0.4,43,train
train/stain/stain_0068.png,stain,2,synth,0.55,43,train
train/stain/stain_0069.png,stain,2,synth,0.7,43,train
train/stain/stain_0070.png,stain,2,synth,0.85,43,train
train/stain/stain_0071.png,stain,2,synth,1.0,43,train
train/stain/stain_0072.png,stain,2,synth,0.25,43,train
train/stain/stain_0073.png,stain,2,synth,0.4,43,train
train/stain/stain_0074.png,stain,2,synth,0.55,43,train
train/stain/stain_0075.png,stain,2,synth,0.7,43,train
train/stain/stain_0076.png,stain,2,synth,0.85,43,train
train/stain/stain_0077.png,stain,2,synth,1.0,43,train
train/stain/stain_0078.png,stain,2,synth,0.25,43,train
train/stain/stain_0079.png,stain,2,synth,0.4,43,train
train/stain/stain_0080.png,stain,2,synth,0.55,43,train
train/stain/stain_0081.png,stain,2,synth,0.7,43,train
train/stain/stain_0082.png,stain,2,synth,0.85,43,train
train/stain/stain_0083.png,stain,2,synth,1.0,43,train
train/stain/stain_0084.png,stain,2,synth,0.25,43,train
train/stain/stain_0085.png,stain,2,synth,0.4,43,train
train/stain/stain_0086.png,stain,2,synth,0.55,43,train
train/stain/stain_0087.png,stain,2,synth,0.7,43,train
train/stain/stain_0088.png,stain,2,synth,0.85,43,train
train/stain/stain_0089.png,stain,2,synth,1.0,43,train
train/stain/stain_0090.png,stain,2,synth,0.25,43,train
train/stain/stain_0091.png,stain,2,synth,0.4,43,train
train/stain/stain_0092.png,stain,2,synth,0.55,43,train
train/stain/stain_0093.png,stain,2,synth,0.7,43,train
train/stain/stain_0094.png,stain,2,synth,0.85,43,train
train/stain/stain_0095.png,stain,2,synth,1.0,43,train
train/stain/stain_0096.png,stain,2,synth,0.25,43,train
train/stain/stain_0097.png,stain,2,synth,0.4,43,train
train/stain/stain_0098.png,stain,2,synth,0.55,43,train
train/stain/stain_0099.png,stain,2,synth,0.7,43,train
train/stain/stain_0100.png,stain,2,synth,0.85,43,train
train/stain/stain_0101.png,stain,2,synth,1.0,43,train
train/stain/stain_0102.png,stain,2,synth,0.25,43,train
train/stain/stain_0103.png,stain,2,synth,0.4,43,train
train/stain/stain_0104.png,stain,2,synth,0.55,43,train
train/stain/stain_0105.png,stain,2,synth,0.7,43,train
train/stain/stain_0106.png,stain,2,synth,0.85,43,train
train/stain/stain_0107.png,stain,2,synth,1.0,43,train
train/stain/stain_0108.png,stain,2,synth,0.25,43,train
train/stain/stain_0109.png,stain,2,synth,0.4,43,train
train/stain/stain_0110.png,stain,2,synth,0.55,43,train
train/stain/stain_0111.png,stain,2,synth,0.7,43,train
train/stain/stain_0112.png,stain,2,synth,0.85,43,train
train/stain/stain_0113.png,stain,2,synth,1.0,43,train
train/stain/stain_0114.png,stain,2,synth,0.25,43,train
train/stain/stain_0115.png,stain,2,synth,0.4,43,train
train/stain/stain_0116.png,stain,2,synth,0.55,43,train
train/stain/stain_0117.png,stain,2,synth,0.7,43,train
train/stain/stain_0118.png,stain,2,synth,0.85,43,train
train/stain/stain_0119.png,stain,2,synth,1.0,43,train
train/stain/stain_0120.png,stain,2,synth,0.25,43,train
train/stain/stain_0121.png,stain,2,synth,0.4,43,train
train/stain/stain_0122.png,stain,2,synth,0.55,43,train
train/stain/stain_0123.png,stain,2,synth,0.7,43,train
train/stain/stain_0124.png,stain,2,synth,0.85,43,train
train/stain/stain_0125.png,stain,2,synth,1.0,43,train
train/stain/stain_0126.png,stain,2,synth,0.25,43,train
train/stain/stain_0127.png,stain,2,synth,0.4,43,train
train/stain/stain_0128.png,stain,2,synth,0.55,43,train
train/stain/stain_0129.png,stain,2,synth,0.7,43,train
train/stain/stain_0130.png,stain,2,synth,0.85,43,train
train/stain/stain_0131.png,stain,2,synth,1.0,43,train
train/stain/stain_0132.png,stain,2,synth,0.25,43,train
train/stain/stain_0133.png,stain,2,synth,0.4,43,train
train/stain/stain_0134.png,stain,2,synth,0.55,43,train
train/stain/stain_0135.png,stain,2,synth,0.7,43,train
train/stain/stain_0136.png,stain,2,synth,0.85,43,train
train/stain/stain_0137.png,stain,2,synth,1.0,43,train
train/stain/stain_0138.png,stain,2,synth,0.25,43,train
train/stain/stain_0139.png,stain,2,synth,0.4,43,train
train/stain/stain_0140.png,stain,2,synth,0.55,43,train
train/stain/stain_0141.png,stain,2,synth,0.7,43,train
train/stain/stain_0142.png,stain,2,synth,0.85,43,train
train/stain/stain_0143.png,stain,2,synth,1.0,43,train
train/stain/stain_0144.png,stain,2,synth,0.25,43,train
train/stain/stain_0145.png,stain,2,synth,0.4,43,train
train/stain/stain_0146.png,stain,2,synth,0.55,43,train
train/stain/stain_0147.png,stain,2,synth,0.7,43,train
train/stain/stain_0148.png,stain,2,synth,0.85,43,train
train/stain/stain_0149.png,stain,2,synth,1.0,43,train
train/stain/stain_0150.png,stain,2,synth,0.25,43,train
train/stain/stain_0151.png,stain,2,synth,0.4,43,train
train/stain/stain_0152.png,stain,2,synth,0.55,43,train
train/stain/stain_0153.png,stain,2,synth,0.7,43,train
train/stain/stain_0154.png,stain,2,synth,0.85,43,train
train/stain/stain_0155.png,stain,2,synth,1.0,43,train
train/stain/stain_0156.png,stain,2,synth,0.25,43,train
train/stain/stain_0157.png,stain,2,synth,0.4,43,train
train/stain/stain_0158.png,stain,2,synth,0.55,43,train
train/stain/stain_0159.png,stain,2,synth,0.7,43,train
train/stain/stain_0160.png,stain,2,synth,0.85,43,train
train/stain/stain_0161.png,stain,2,synth,1.0,43,train
train/stain/stain_0162.png,stain,2,synth,0.25,43,train
train/stain/stain_0163.png,stain,2,synth,0.4,43,train
train/stain/stain_0164.png,stain,2,synth,0.55,43,train
train/stain/stain_0165.png,stain,2,synth,0.7,43,train
train/stain/stain_0166.png,stain,2,synth,0.85,43,train
train/stain/stain_0167.png,stain,2,synth,1.0,43,train
train/stain/stain_0168.png,stain,2,synth,0.25,43,train
train/stain/stain_0169.png,stain,2,synth,0.4,43,train
train/stain/stain_0170.png,stain,2,synth,0.55,43,train
train/stain/stain_0171.png,stain,2,synth,0.7,43,train
train/stain/stain_0172.png,stain,2,synth,0.85,43,train
train/stain/stain_0173.png,stain,2,synth,1.0,43,train
train/stain/stain_0174.png,stain,2,synth,0.25,43,train
train/stain/stain_0175.png,stain,2,synth,0.4,43,train
train/stain/stain_0176.png,stain,2,synth,0.55,43,train
train/stain/stain_0177.png,stain,2,synth,0.7,43,train
train/stain/stain_0178.png,stain,2,synth,0.85,43,train
train/stain/stain_0179.png,stain,2,synth,1.0,43,train
train/stain/stain_0180.png,stain,2,synth,0.25,43,train
train/stain/stain_0181.png,stain,2,synth,0.4,43,train
train/stain/stain_0182.png,stain,2,synth,0.55,43,train
train/stain/stain_0183.png,stain,2,synth,0.7,43,train
train/stain/stain_0184.png,stain,2,synth,0.85,43,train
train/stain/stain_0185.png,stain,2,synth,1.0,43,train
train/stain/stain_0186.png,stain,2,synth,0.25,43,train
train/stain/stain_0187.png,stain,2,synth,0.4,43,train
train/stain/stain_0188.png,stain,2,synth,0.55,43,train
train/stain/stain_0189.png,stain,2,synth,0.7,43,train
train/stain/stain_0190.png,stain,2,synth,0.85,43,train
train/stain/stain_0191.png,stain,2,synth,1.0,43,train
train/stain/stain_0192.png,stain,2,synth,0.25,43,train
train/stain/stain_0193.png,stain,2,synth,0.4,43,train
train/stain/stain_0194.png,stain,2,synth,0.55,43,train
train/stain/stain_0195.png,stain,2,synth,0.7,43,train
train/stain/stain_0196.png,stain,2,synth,0.85,43,train
train/stain/stain_0197.png,stain,2,synth,1.0,43,train
train/stain/stain_0198.png,stain,2,synth,0.25,43,train
train/stain/stain_0199.png,stain,2,synth,0.4,43,train
train/stain/stain_0200.png,stain,2,synth,0.55,43,train
train/stain/stain_0201.png,stain,2,synth,0.7,43,train
train/stain/stain_0202.png,stain,2,synth,0.85,43,train
train/stain/stain_0203.png,stain,2,synth,1.0,43,train
train/stain/stain_0204.png,stain,2,synth,0.25,43,train
train/stain/stain_0205.png,stain,2,synth,0.4,43,train
train/stain/stain_0206.png,stain,2,synth,0.55,43,train
train/stain/stain_0207.png,stain,2,synth,0.7,43,train
train/stain/stain_0208.png,stain,2,synth,0.85,43,train
train/stain/stain_0209.png,stain,2,synth,1.0,43,train
train/stain/stain_0210.png,stain,2,synth,0.25,43,train
train/stain/stain_0211.png,stain,2,synth,0.4,43,train
train/stain/stain_0212.png,stain,2,synth,0.55,43,train
train/stain/stain_0213.png,stain,2,synth,0.7,43,train
train/stain/stain_0214.png,stain,2,synth,0.85,43,train
train/stain/stain_0215.png,stain,2,synth,1.0,43,train
train/stain/stain_0216.png,stain,2,synth,0.25,43,train
train/stain/stain_0217.png,stain,2,synth,0.4,43,train
train/stain/stain_0218.png,stain,2,synth,0.55,43,train
train/stain/stain_0219.png,stain,2,synth,0.7,43,train
train/stain/stain_0220.png,stain,2,synth,0.85,43,train
train/stain/stain_0221.png,stain,2,synth,1.0,43,train
train/stain/stain_0222.png,stain,2,synth,0.25,43,train
train/stain/stain_0223.png,stain,2,synth,0.4,43,train
train/stain/stain_0224.png,stain,2,synth,0.55,43,train
train/stain/stain_0225.png,stain,2,synth,0.7,43,train
train/stain/stain_0226.png,stain,2,synth,0.85,43,train
train/stain/stain_0227.png,stain,2,synth,1.0,43,train
train/stain/stain_0228.png,stain,2,synth,0.25,43,train
train/stain/stain_0229.png,stain,2,synth,0.4,43,train
train/stain/stain_0230.png,stain,2,synth,0.55,43,train
train/stain/stain_0231.png,stain,2,synth,0.7,43,train
train/stain/stain_0232.png,stain,2,synth,0.85,43,train
train/stain/stain_0233.png,stain,2,synth,1.0,43,train
train/stain/stain_0234.png,stain,2,synth,0.25,43,train
train/stain/stain_0235.png,stain,2,synth,0.4,43,train
train/stain/stain_0236.png,stain,2,synth,0.55,43,train
train/stain/stain_0237.png,stain,2,synth,0.7,43,train
train/stain/stain_0238.png,stain,2,synth,0.85,43,train
train/stain/stain_0239.png,stain,2,synth,1.0,43,train
train/stain/stain_0240.png,stain,2,synth,0.25,43,train
train/stain/stain_0241.png,stain,2,synth,0.4,43,train
train/stain/stain_0242.png,stain,2,synth,0.55,43,train
train/stain/stain_0243.png,stain,2,synth,0.7,43,train
train/stain/stain_0244.png,stain,2,synth,0.85,43,train
train/stain/stain_0245.png,stain,2,synth,1.0,43,train
train/stain/stain_0246.png,stain,2,synth,0.25,43,train
train/stain/stain_0247.png,stain,2,synth,0.4,43,train
train/stain/stain_0248.png,stain,2,synth,0.55,43,train
train/stain/stain_0249.png,stain,2,synth,0.7,43,train
train/stain/stain_0250.png,stain,2,synth,0.85,43,train
train/stain/stain_0251.png,stain,2,synth,1.0,43,train
train/stain/stain_0252.png,stain,2,synth,0.25,43,train
train/stain/stain_0253.png,stain,2,synth,0.4,43,train
train/stain/stain_0254.png,stain,2,synth,0.55,43,train
train/stain/stain_0255.png,stain,2,synth,0.7,43,train
train/stain/stain_0256.png,stain,2,synth,0.85,43,train
train/stain/stain_0257.png,stain,2,synth,1.0,43,train
train/stain/stain_0258.png,stain,2,synth,0.25,43,train
train/stain/stain_0259.png,stain,2,synth,0.4,43,train
train/stain/stain_0260.png,stain,2,synth,0.55,43,train
train/stain/stain_0261.png,stain,2,synth,0.7,43,train
train/stain/stain_0262.png,stain,2,synth,0.85,43,train
train/stain/stain_0263.png,stain,2,synth,1.0,43,train
train/stain/stain_0264.png,stain,2,synth,0.25,43,train
train/stain/stain_0265.png,stain,2,synth,0.4,43,train
train/stain/stain_0266.png,stain,2,synth,0.55,43,train
train/stain/stain_0267.png,stain,2,synth,0.7,43,train
train/stain/stain_0268.png,stain,2,synth,0.85,43,train
train/stain/stain_0269.png,stain,2,synth,1.0,43,train
train/stain/stain_0270.png,stain,2,synth,0.25,43,train
train/stain/stain_0271.png,stain,2,synth,0.4,43,train
train/stain/stain_0272.png,stain,2,synth,0.55,43,train
train/stain/stain_0273.png,stain,2,synth,0.7,43,train
train/stain/stain_0274.png,stain,2,synth,0.85,43,train
train/stain/stain_0275.png,stain,2,synth,1.0,43,train
train/stain/stain_0276.png,stain,2,synth,0.25,43,train
train/stain/stain_0277.png,stain,2,synth,0.4,43,train
train/stain/stain_0278.png,stain,2,synth,0.55,43,train
train/stain/stain_0279.png,stain,2,synth,0.7,43,train
train/stain/stain_0280.png,stain,2,synth,0.85,43,train
train/stain/stain_0281.png,stain,2,synth,1.0,43,train
train/stain/stain_0282.png,stain,2,synth,0.25,43,train
train/stain/stain_0283.png,stain,2,synth,0.4,43,train
train/stain/stain_0284.png,stain,2,synth,0.55,43,train
train/stain/stain_0285.png,stain,2,synth,0.7,43,train
train/stain/stain_0286.png,stain,2,synth,0.85,43,train
train/stain/stain_0287.png,stain,2,synth,1.0,43,train
train/stain/stain_0288.png,stain,2,synth,0.25,43,train
train/stain/stain_0289.png,stain,2,synth,0.4,43,train
train/stain/stain_0290.png,stain,2,synth,0.55,43,train
train/stain/stain_0291.png,stain,2,synth,0.7,43,train
train/stain/stain_0292.png,stain,2,synth,0.85,43,train
train/stain/stain_0293.png,stain,2,synth,1.0,43,train
train/stain/stain_0294.png,stain,2,synth,0.25,43,train
train/stain/stain_0295.png,stain,2,synth,0.4,43,train
train/stain/stain_0296.png,stain,2,synth,0.55,43,train
train/stain/stain_0297.png,stain,2,synth,0.7,43,train
train/stain/stain_0298.png,stain,2,synth,0.85,43,train
train/stain/stain_0299.png,stain,2,synth,1.0,43,train
train/stain/stain_0300.png,stain,2,synth,0.25,43,train
train/stain/stain_0301.png,stain,2,synth,0.4,43,train
train/stain/stain_0302.png,stain,2,synth,0.55,43,train
train/stain/stain_0303.png,stain,2,synth,0.7,43,train
train/stain/stain_0304.png,stain,2,synth,0.85,43,train
train/stain/stain_0305.png,stain,2,synth,1.0,43,train
train/stain/stain_0306.png,stain,2,synth,0.25,43,train
train/stain/stain_0307.png,stain,2,synth,0.4,43,train
train/stain/stain_0308.png,stain,2,synth,0.55,43,train
train/stain/stain_0309.png,stain,2,synth,0.7,43,train
train/stain/stain_0310.png,stain,2,synth,0.85,43,train
train/stain/stain_0311.png,stain,2,synth,1.0,43,train
train/stain/stain_0312.png,stain,2,synth,0.25,43,train
train/stain/stain_0313.png,stain,2,synth,0.4,43,train
train/stain/stain_0314.png,stain,2,synth,0.55,43,train
train/stain/stain_0315.png,stain,2,synth,0.7,43,train
train/stain/stain_0316.png,stain,2,synth,0.85,43,train
train/stain/stain_0317.png,stain,2,synth,1.0,43,train
train/stain/stain_0318.png,stain,2,synth,0.25,43,train
train/stain/stain_0319.png,stain,2,synth,0.4,43,train
train/stain/stain_0320.png,stain,2,synth,0.55,43,train
train/stain/stain_0321.png,stain,2,synth,0.7,43,train
train/stain/stain_0322.png,stain,2,synth,0.85,43,train
train/stain/stain_0323.png,stain,2,synth,1.0,43,train
train/stain/stain_0324.png,stain,2,synth,0.25,43,train
train/stain/stain_0325.png,stain,2,synth,0.4,43,train
train/stain/stain_0326.png,stain,2,synth,0.55,43,train
train/stain/stain_0327.png,stain,2,synth,0.7,43,train
train/stain/stain_0328.png,stain,2,synth,0.85,43,train
train/stain/stain_0329.png,stain,2,synth,1.0,43,train
train/stain/stain_0330.png,stain,2,synth,0.25,43,train
train/stain/stain_0331.png,stain,2,synth,0.4,43,train
train/stain/stain_0332.png,stain,2,synth,0.55,43,train
train/stain/stain_0333.png,stain,2,synth,0.7,43,train
train/stain/stain_0334.png,stain,2,synth,0.85,43,train
train/stain/stain_0335.png,stain,2,synth,1.0,43,train
train/stain/stain_0336.png,stain,2,synth,0.25,43,train
train/stain/stain_0337.png,stain,2,synth,0.4,43,train
train/stain/stain_0338.png,stain,2,synth,0.55,43,train
train/stain/stain_0339.png,stain,2,synth,0.7,43,train
train/stain/stain_0340.png,stain,2,synth,0.85,43,train
train/stain/stain_0341.png,stain,2,synth,1.0,43,train
train/stain/stain_0342.png,stain,2,synth,0.25,43,train
train/stain/stain_0343.png,stain,2,synth,0.4,43,train
train/stain/stain_0344.png,stain,2,synth,0.55,43,train
train/stain/stain_0345.png,stain,2,synth,0.7,43,train
train/stain/stain_0346.png,stain,2,synth,0.85,43,train
train/stain/stain_0347.png,stain,2,synth,1.0,43,train
train/stain/stain_0348.png,stain,2,synth,0.25,43,train
train/stain/stain_0349.png,stain,2,synth,0.4,43,train
train/broken_thread/broken_thread_0000.png,broken_thread,3,synth,0.25,43,train
train/broken_thread/broken_thread_0001.png,broken_thread,3,synth,0.4,43,train
train/broken_thread/broken_thread_0002.png,broken_thread,3,synth,0.55,43,train
train/broken_thread/broken_thread_0003.png,broken_thread,3,synth,0.7,43,train
train/broken_thread/broken_thread_0004.png,broken_thread,3,synth,0.85,43,train
train/broken_thread/broken_thread_0005.png,broken_thread,3,synth,1.0,43,train
train/broken_thread/broken_thread_0006.png,broken_thread,3,synth,0.25,43,train
train/broken_thread/broken_thread_0007.png,broken_thread,3,synth,0.4,43,train
train/broken_thread/broken_thread_0008.png,broken_thread,3,synth,0.55,43,train
train/broken_thread/broken_thread_0009.png,broken_thread,3,synth,0.7,43,train
train/broken_thread/broken_thread_0010.png,broken_thread,3,synth,0.85,43,train
train/broken_thread/broken_thread_0011.png,broken_thread,3,synth,1.0,43,train
train/broken_thread/broken_thread_0012.png,broken_thread,3,synth,0.25,43,train
train/broken_thread/broken_thread_0013.png,broken_thread,3,synth,0.4,43,train
train/broken_thread/broken_thread_0014.png,broken_thread,3,synth,0.55,43,train
train/broken_thread/broken_thread_0015.png,broken_thread,3,synth,0.7,43,train
train/broken_thread/broken_thread_0016.png,broken_thread,3,synth,0.85,43,train
train/broken_thread/broken_thread_0017.png,broken_thread,3,synth,1.0,43,train
train/broken_thread/broken_thread_0018.png,broken_thread,3,synth,0.25,43,train
train/broken_thread/broken_thread_0019.png,broken_thread,3,synth,0.4,43,train
train/broken_thread/broken_thread_0020.png,broken_thread,3,synth,0.55,43,train
train/broken_thread/broken_thread_0021.png,broken_thread,3,synth,0.7,43,train
train/broken_thread/broken_thread_0022.png,broken_thread,3,synth,0.85,43,train
train/broken_thread/broken_thread_0023.png,broken_thread,3,synth,1.0,43,train
train/broken_thread/broken_thread_0024.png,broken_thread,3,synth,0.25,43,train
train/broken_thread/broken_thread_0025.png,broken_thread,3,synth,0.4,43,train
train/broken_thread/broken_thread_0026.png,broken_thread,3,synth,0.55,43,train
train/broken_thread/broken_thread_0027.png,broken_thread,3,synth,0.7,43,train
train/broken_thread/broken_thread_0028.png,broken_thread,3,synth,0.85,43,train
train/broken_thread/broken_thread_0029.png,broken_thread,3,synth,1.0,43,train
train/broken_thread/broken_thread_0030.png,broken_thread,3,synth,0.25,43,train
train/broken_thread/broken_thread_0031.png,broken_thread,3,synth,0.4,43,train
train/broken_thread/broken_thread_0032.png,broken_thread,3,synth,0.55,43,train
train/broken_thread/broken_thread_0033.png,broken_thread,3,synth,0.7,43,train
train/broken_thread/broken_thread_0034.png,broken_thread,3,synth,0.85,43,train
train/broken_thread/broken_thread_0035.png,broken_thread,3,synth,1.0,43,train
train/broken_thread/broken_thread_0036.png,broken_thread,3,synth,0.25,43,train
train/broken_thread/broken_thread_0037.png,broken_thread,3,synth,0.4,43,train
train/broken_thread/broken_thread_0038.png,broken_thread,3,synth,0.55,43,train
train/broken_thread/broken_thread_0039.png,broken_thread,3,synth,0.7,43,train
train/broken_thread/broken_thread_0040.png,broken_thread,3,synth,0.85,43,train
train/broken_thread/broken_thread_0041.png,broken_thread,3,synth,1.0,43,train
train/broken_thread/broken_thread_0042.png,broken_thread,3,synth,0.25,43,train
train/broken_thread/broken_thread_0043.png,broken_thread,3,synth,0.4,43,train
train/broken_thread/broken_thread_0044.png,broken_thread,3,synth,0.55,43,train
train/broken_thread/broken_thread_0045.png,broken_thread,3,synth,0.7,43,train
train/broken_thread/broken_thread_0046.png,broken_thread,3,synth,0.85,43,train
train/broken_thread/broken_thread_0047.png,broken_thread,3,synth,1.0,43,train
train/broken_thread/broken_thread_0048.png,broken_thread,3,synth,0.25,43,train
train/broken_thread/broken_thread_0049.png,broken_thread,3,synth,0.4,43,train
train/broken_thread/broken_thread_0050.png,broken_thread,3,synth,0.55,43,train
train/broken_thread/broken_thread_0051.png,broken_thread,3,synth,0.7,43,train
train/broken_thread/broken_thread_0052.png,broken_thread,3,synth,0.85,43,train
train/broken_thread/broken_thread_0053.png,broken_thread,3,synth,1.0,43,train
train/broken_thread/broken_thread_0054.png,broken_thread,3,synth,0.25,43,train
train/broken_thread/broken_thread_0055.png,broken_thread,3,synth,0.4,43,train
train/broken_thread/broken_thread_0056.png,broken_thread,3,synth,0.55,43,train
train/broken_thread/broken_thread_0057.png,broken_thread,3,synth,0.7,43,train
train/broken_thread/broken_thread_0058.png,broken_thread,3,synth,0.85,43,train
train/broken_thread/broken_thread_0059.png,broken_thread,3,synth,1.0,43,train
train/broken_thread/broken_thread_0060.png,broken_thread,3,synth,0.25,43,train
train/broken_thread/broken_thread_0061.png,broken_thread,3,synth,0.4,43,train
train/broken_thread/broken_thread_0062.png,broken_thread,3,synth,0.55,43,train
train/broken_thread/broken_thread_0063.png,broken_thread,3,synth,0.7,43,train
train/broken_thread/broken_thread_0064.png,broken_thread,3,synth,0.85,43,train
train/broken_thread/broken_thread_0065.png,broken_thread,3,synth,1.0,43,train
train/broken_thread/broken_thread_0066.png,broken_thread,3,synth,0.25,43,train
train/broken_thread/broken_thread_0067.png,broken_thread,3,synth,0.4,43,train
train/broken_thread/broken_thread_0068.png,broken_thread,3,synth,0.55,43,train
train/broken_thread/broken_thread_0069.png,broken_thread,3,synth,0.7,43,train
train/broken_thread/broken_thread_0070.png,broken_thread,3,synth,0.85,43,train
train/broken_thread/broken_thread_0071.png,broken_thread,3,synth,1.0,43,train
train/broken_thread/broken_thread_0072.png,broken_thread,3,synth,0.25,43,train
train/broken_thread/broken_thread_0073.png,broken_thread,3,synth,0.4,43,train
train/broken_thread/broken_thread_0074.png,broken_thread,3,synth,0.55,43,train
train/broken_thread/broken_thread_0075.png,broken_thread,3,synth,0.7,43,train
train/broken_thread/broken_thread_0076.png,broken_thread,3,synth,0.85,43,train
train/broken_thread/broken_thread_0077.png,broken_thread,3,synth,1.0,43,train
train/broken_thread/broken_thread_0078.png,broken_thread,3,synth,0.25,43,train
train/broken_thread/broken_thread_0079.png,broken_thread,3,synth,0.4,43,train
train/broken_thread/broken_thread_0080.png,broken_thread,3,synth,0.55,43,train
train/broken_thread/broken_thread_0081.png,broken_thread,3,synth,0.7,43,train
train/broken_thread/broken_thread_0082.png,broken_thread,3,synth,0.85,43,train
train/broken_thread/broken_thread_0083.png,broken_thread,3,synth,1.0,43,train
train/broken_thread/broken_thread_0084.png,broken_thread,3,synth,0.25,43,train
train/broken_thread/broken_thread_0085.png,broken_thread,3,synth,0.4,43,train
train/broken_thread/broken_thread_0086.png,broken_thread,3,synth,0.55,43,train
train/broken_thread/broken_thread_0087.png,broken_thread,3,synth,0.7,43,train
train/broken_thread/broken_thread_0088.png,broken_thread,3,synth,0.85,43,train
train/broken_thread/broken_thread_0089.png,broken_thread,3,synth,1.0,43,train
train/broken_thread/broken_thread_0090.png,broken_thread,3,synth,0.25,43,train
train/broken_thread/broken_thread_0091.png,broken_thread,3,synth,0.4,43,train
train/broken_thread/broken_thread_0092.png,broken_thread,3,synth,0.55,43,train
train/broken_thread/broken_thread_0093.png,broken_thread,3,synth,0.7,43,train
train/broken_thread/broken_thread_0094.png,broken_thread,3,synth,0.85,43,train
train/broken_thread/broken_thread_0095.png,broken_thread,3,synth,1.0,43,train
train/broken_thread/broken_thread_0096.png,broken_thread,3,synth,0.25,43,train
train/broken_thread/broken_thread_0097.png,broken_thread,3,synth,0.4,43,train
train/broken_thread/broken_thread_0098.png,broken_thread,3,synth,0.55,43,train
train/broken_thread/broken_thread_0099.png,broken_thread,3,synth,0.7,43,train
train/broken_thread/broken_thread_0100.png,broken_thread,3,synth,0.85,43,train
train/broken_thread/broken_thread_0101.png,broken_thread,3,synth,1.0,43,train
train/broken_thread/broken_thread_0102.png,broken_thread,3,synth,0.25,43,train
train/broken_thread/broken_thread_0103.png,broken_thread,3,synth,0.4,43,train
train/broken_thread/broken_thread_0104.png,broken_thread,3,synth,0.55,43,train
train/broken_thread/broken_thread_0105.png,broken_thread,3,synth,0.7,43,train
train/broken_thread/broken_thread_0106.png,broken_thread,3,synth,0.85,43,train
train/broken_thread/broken_thread_0107.png,broken_thread,3,synth,1.0,43,train
train/broken_thread/broken_thread_0108.png,broken_thread,3,synth,0.25,43,train
train/broken_thread/broken_thread_0109.png,broken_thread,3,synth,0.4,43,train
train/broken_thread/broken_thread_0110.png,broken_thread,3,synth,0.55,43,train
train/broken_thread/broken_thread_0111.png,broken_thread,3,synth,0.7,43,train
train/broken_thread/broken_thread_0112.png,broken_thread,3,synth,0.85,43,train
train/broken_thread/broken_thread_0113.png,broken_thread,3,synth,1.0,43,train
train/broken_thread/broken_thread_0114.png,broken_thread,3,synth,0.25,43,train
train/broken_thread/broken_thread_0115.png,broken_thread,3,synth,0.4,43,train
train/broken_thread/broken_thread_0116.png,broken_thread,3,synth,0.55,43,train
train/broken_thread/broken_thread_0117.png,broken_thread,3,synth,0.7,43,train
train/broken_thread/broken_thread_0118.png,broken_thread,3,synth,0.85,43,train
train/broken_thread/broken_thread_0119.png,broken_thread,3,synth,1.0,43,train
train/broken_thread/broken_thread_0120.png,broken_thread,3,synth,0.25,43,train
train/broken_thread/broken_thread_0121.png,broken_thread,3,synth,0.4,43,train
train/broken_thread/broken_thread_0122.png,broken_thread,3,synth,0.55,43,train
train/broken_thread/broken_thread_0123.png,broken_thread,3,synth,0.7,43,train
train/broken_thread/broken_thread_0124.png,broken_thread,3,synth,0.85,43,train
train/broken_thread/broken_thread_0125.png,broken_thread,3,synth,1.0,43,train
train/broken_thread/broken_thread_0126.png,broken_thread,3,synth,0.25,43,train
train/broken_thread/broken_thread_0127.png,broken_thread,3,synth,0.4,43,train
train/broken_thread/broken_thread_0128.png,broken_thread,3,synth,0.55,43,train
train/broken_thread/broken_thread_0129.png,broken_thread,3,synth,0.7,43,train
train/broken_thread/broken_thread_0130.png,broken_thread,3,synth,0.85,43,train
train/broken_thread/broken_thread_0131.png,broken_thread,3,synth,1.0,43,train
train/broken_thread/broken_thread_0132.png,broken_thread,3,synth,0.25,43,train
train/broken_thread/broken_thread_0133.png,broken_thread,3,synth,0.4,43,train
train/broken_thread/broken_thread_0134.png,broken_thread,3,synth,0.55,43,train
train/broken_thread/broken_thread_0135.png,broken_thread,3,synth,0.7,43,train
train/broken_thread/broken_thread_0136.png,broken_thread,3,synth,0.85,43,train
train/broken_thread/broken_thread_0137.png,broken_thread,3,synth,1.0,43,train
train/broken_thread/broken_thread_0138.png,broken_thread,3,synth,0.25,43,train
train/broken_thread/broken_thread_0139.png,broken_thread,3,synth,0.4,43,train
train/broken_thread/broken_thread_0140.png,broken_thread,3,synth,0.55,43,train
train/broken_thread/broken_thread_0141.png,broken_thread,3,synth,0.7,43,train
train/broken_thread/broken_thread_0142.png,broken_thread,3,synth,0.85,43,train
train/broken_thread/broken_thread_0143.png,broken_thread,3,synth,1.0,43,train
train/broken_thread/broken_thread_0144.png,broken_thread,3,synth,0.25,43,train
train/broken_thread/broken_thread_0145.png,broken_thread,3,synth,0.4,43,train
train/broken_thread/broken_thread_0146.png,broken_thread,3,synth,0.55,43,train
train/broken_thread/broken_thread_0147.png,broken_thread,3,synth,0.7,43,train
train/broken_thread/broken_thread_0148.png,broken_thread,3,synth,0.85,43,train
train/broken_thread/broken_thread_0149.png,broken_thread,3,synth,1.0,43,train
train/broken_thread/broken_thread_0150.png,broken_thread,3,synth,0.25,43,train
train/broken_thread/broken_thread_0151.png,broken_thread,3,synth,0.4,43,train
train/broken_thread/broken_thread_0152.png,broken_thread,3,synth,0.55,43,train
train/broken_thread/broken_thread_0153.png,broken_thread,3,synth,0.7,43,train
train/broken_thread/broken_thread_0154.png,broken_thread,3,synth,0.85,43,train
train/broken_thread/broken_thread_0155.png,broken_thread,3,synth,1.0,43,train
train/broken_thread/broken_thread_0156.png,broken_thread,3,synth,0.25,43,train
train/broken_thread/broken_thread_0157.png,broken_thread,3,synth,0.4,43,train
train/broken_thread/broken_thread_0158.png,broken_thread,3,synth,0.55,43,train
train/broken_thread/broken_thread_0159.png,broken_thread,3,synth,0.7,43,train
train/broken_thread/broken_thread_0160.png,broken_thread,3,synth,0.85,43,train
train/broken_thread/broken_thread_0161.png,broken_thread,3,synth,1.0,43,train
train/broken_thread/broken_thread_0162.png,broken_thread,3,synth,0.25,43,train
train/broken_thread/broken_thread_0163.png,broken_thread,3,synth,0.4,43,train
train/broken_thread/broken_thread_0164.png,broken_thread,3,synth,0.55,43,train
train/broken_thread/broken_thread_0165.png,broken_thread,3,synth,0.7,43,train
train/broken_thread/broken_thread_0166.png,broken_thread,3,synth,0.85,43,train
train/broken_thread/broken_thread_0167.png,broken_thread,3,synth,1.0,43,train
train/broken_thread/broken_thread_0168.png,broken_thread,3,synth,0.25,43,train
train/broken_thread/broken_thread_0169.png,broken_thread,3,synth,0.4,43,train
train/broken_thread/broken_thread_0170.png,broken_thread,3,synth,0.55,43,train
train/broken_thread/broken_thread_0171.png,broken_thread,3,synth,0.7,43,train
train/broken_thread/broken_thread_0172.png,broken_thread,3,synth,0.85,43,train
train/broken_thread/broken_thread_0173.png,broken_thread,3,synth,1.0,43,train
train/broken_thread/broken_thread_0174.png,broken_thread,3,synth,0.25,43,train
train/broken_thread/broken_thread_0175.png,broken_thread,3,synth,0.4,43,train
train/broken_thread/broken_thread_0176.png,broken_thread,3,synth,0.55,43,train
train/broken_thread/broken_thread_0177.png,broken_thread,3,synth,0.7,43,train
train/broken_thread/broken_thread_0178.png,broken_thread,3,synth,0.85,43,train
train/broken_thread/broken_thread_0179.png,broken_thread,3,synth,1.0,43,train
train/broken_thread/broken_thread_0180.png,broken_thread,3,synth,0.25,43,train
train/broken_thread/broken_thread_0181.png,broken_thread,3,synth,0.4,43,train
train/broken_thread/broken_thread_0182.png,broken_thread,3,synth,0.55,43,train
train/broken_thread/broken_thread_0183.png,broken_thread,3,synth,0.7,43,train
train/broken_thread/broken_thread_0184.png,broken_thread,3,synth,0.85,43,train
train/broken_thread/broken_thread_0185.png,broken_thread,3,synth,1.0,43,train
train/broken_thread/broken_thread_0186.png,broken_thread,3,synth,0.25,43,train
train/broken_thread/broken_thread_0187.png,broken_thread,3,synth,0.4,43,train
train/broken_thread/broken_thread_0188.png,broken_thread,3,synth,0.55,43,train
train/broken_thread/broken_thread_0189.png,broken_thread,3,synth,0.7,43,train
train/broken_thread/broken_thread_0190.png,broken_thread,3,synth,0.85,43,train
train/broken_thread/broken_thread_0191.png,broken_thread,3,synth,1.0,43,train
train/broken_thread/broken_thread_0192.png,broken_thread,3,synth,0.25,43,train
train/broken_thread/broken_thread_0193.png,broken_thread,3,synth,0.4,43,train
train/broken_thread/broken_thread_0194.png,broken_thread,3,synth,0.55,43,train
train/broken_thread/broken_thread_0195.png,broken_thread,3,synth,0.7,43,train
train/broken_thread/broken_thread_0196.png,broken_thread,3,synth,0.85,43,train
train/broken_thread/broken_thread_0197.png,broken_thread,3,synth,1.0,43,train
train/broken_thread/broken_thread_0198.png,broken_thread,3,synth,0.25,43,train
train/broken_thread/broken_thread_0199.png,broken_thread,3,synth,0.4,43,train
train/broken_thread/broken_thread_0200.png,broken_thread,3,synth,0.55,43,train
train/broken_thread/broken_thread_0201.png,broken_thread,3,synth,0.7,43,train
train/broken_thread/broken_thread_0202.png,broken_thread,3,synth,0.85,43,train
train/broken_thread/broken_thread_0203.png,broken_thread,3,synth,1.0,43,train
train/broken_thread/broken_thread_0204.png,broken_thread,3,synth,0.25,43,train
train/broken_thread/broken_thread_0205.png,broken_thread,3,synth,0.4,43,train
train/broken_thread/broken_thread_0206.png,broken_thread,3,synth,0.55,43,train
train/broken_thread/broken_thread_0207.png,broken_thread,3,synth,0.7,43,train
train/broken_thread/broken_thread_0208.png,broken_thread,3,synth,0.85,43,train
train/broken_thread/broken_thread_0209.png,broken_thread,3,synth,1.0,43,train
train/broken_thread/broken_thread_0210.png,broken_thread,3,synth,0.25,43,train
train/broken_thread/broken_thread_0211.png,broken_thread,3,synth,0.4,43,train
train/broken_thread/broken_thread_0212.png,broken_thread,3,synth,0.55,43,train
train/broken_thread/broken_thread_0213.png,broken_thread,3,synth,0.7,43,train
train/broken_thread/broken_thread_0214.png,broken_thread,3,synth,0.85,43,train
train/broken_thread/broken_thread_0215.png,broken_thread,3,synth,1.0,43,train
train/broken_thread/broken_thread_0216.png,broken_thread,3,synth,0.25,43,train
train/broken_thread/broken_thread_0217.png,broken_thread,3,synth,0.4,43,train
train/broken_thread/broken_thread_0218.png,broken_thread,3,synth,0.55,43,train
train/broken_thread/broken_thread_0219.png,broken_thread,3,synth,0.7,43,train
train/broken_thread/broken_thread_0220.png,broken_thread,3,synth,0.85,43,train
train/broken_thread/broken_thread_0221.png,broken_thread,3,synth,1.0,43,train
train/broken_thread/broken_thread_0222.png,broken_thread,3,synth,0.25,43,train
train/broken_thread/broken_thread_0223.png,broken_thread,3,synth,0.4,43,train
train/broken_thread/broken_thread_0224.png,broken_thread,3,synth,0.55,43,train
train/broken_thread/broken_thread_0225.png,broken_thread,3,synth,0.7,43,train
train/broken_thread/broken_thread_0226.png,broken_thread,3,synth,0.85,43,train
train/broken_thread/broken_thread_0227.png,broken_thread,3,synth,1.0,43,train
train/broken_thread/broken_thread_0228.png,broken_thread,3,synth,0.25,43,train
train/broken_thread/broken_thread_0229.png,broken_thread,3,synth,0.4,43,train
train/broken_thread/broken_thread_0230.png,broken_thread,3,synth,0.55,43,train
train/broken_thread/broken_thread_0231.png,broken_thread,3,synth,0.7,43,train
train/broken_thread/broken_thread_0232.png,broken_thread,3,synth,0.85,43,train
train/broken_thread/broken_thread_0233.png,broken_thread,3,synth,1.0,43,train
train/broken_thread/broken_thread_0234.png,broken_thread,3,synth,0.25,43,train
train/broken_thread/broken_thread_0235.png,broken_thread,3,synth,0.4,43,train
train/broken_thread/broken_thread_0236.png,broken_thread,3,synth,0.55,43,train
train/broken_thread/broken_thread_0237.png,broken_thread,3,synth,0.7,43,train
train/broken_thread/broken_thread_0238.png,broken_thread,3,synth,0.85,43,train
train/broken_thread/broken_thread_0239.png,broken_thread,3,synth,1.0,43,train
train/broken_thread/broken_thread_0240.png,broken_thread,3,synth,0.25,43,train
train/broken_thread/broken_thread_0241.png,broken_thread,3,synth,0.4,43,train
train/broken_thread/broken_thread_0242.png,broken_thread,3,synth,0.55,43,train
train/broken_thread/broken_thread_0243.png,broken_thread,3,synth,0.7,43,train
train/broken_thread/broken_thread_0244.png,broken_thread,3,synth,0.85,43,train
train/broken_thread/broken_thread_0245.png,broken_thread,3,synth,1.0,43,train
train/broken_thread/broken_thread_0246.png,broken_thread,3,synth,0.25,43,train
train/broken_thread/broken_thread_0247.png,broken_thread,3,synth,0.4,43,train
train/broken_thread/broken_thread_0248.png,broken_thread,3,synth,0.55,43,train
train/broken_thread/broken_thread_0249.png,broken_thread,3,synth,0.7,43,train
train/broken_thread/broken_thread_0250.png,broken_thread,3,synth,0.85,43,train
train/broken_thread/broken_thread_0251.png,broken_thread,3,synth,1.0,43,train
train/broken_thread/broken_thread_0252.png,broken_thread,3,synth,0.25,43,train
train/broken_thread/broken_thread_0253.png,broken_thread,3,synth,0.4,43,train
train/broken_thread/broken_thread_0254.png,broken_thread,3,synth,0.55,43,train
train/broken_thread/broken_thread_0255.png,broken_thread,3,synth,0.7,43,train
train/broken_thread/broken_thread_0256.png,broken_thread,3,synth,0.85,43,train
train/broken_thread/broken_thread_0257.png,broken_thread,3,synth,1.0,43,train
train/broken_thread/broken_thread_0258.png,broken_thread,3,synth,0.25,43,train
train/broken_thread/broken_thread_0259.png,broken_thread,3,synth,0.4,43,train
train/broken_thread/broken_thread_0260.png,broken_thread,3,synth,0.55,43,train
train/broken_thread/broken_thread_0261.png,broken_thread,3,synth,0.7,43,train
train/broken_thread/broken_thread_0262.png,broken_thread,3,synth,0.85,43,train
train/broken_thread/broken_thread_0263.png,broken_thread,3,synth,1.0,43,train
train/broken_thread/broken_thread_0264.png,broken_thread,3,synth,0.25,43,train
train/broken_thread/broken_thread_0265.png,broken_thread,3,synth,0.4,43,train
train/broken_thread/broken_thread_0266.png,broken_thread,3,synth,0.55,43,train
train/broken_thread/broken_thread_0267.png,broken_thread,3,synth,0.7,43,train
train/broken_thread/broken_thread_0268.png,broken_thread,3,synth,0.85,43,train
train/broken_thread/broken_thread_0269.png,broken_thread,3,synth,1.0,43,train
train/broken_thread/broken_thread_0270.png,broken_thread,3,synth,0.25,43,train
train/broken_thread/broken_thread_0271.png,broken_thread,3,synth,0.4,43,train
train/broken_thread/broken_thread_0272.png,broken_thread,3,synth,0.55,43,train
train/broken_thread/broken_thread_0273.png,broken_thread,3,synth,0.7,43,train
train/broken_thread/broken_thread_0274.png,broken_thread,3,synth,0.85,43,train
train/broken_thread/broken_thread_0275.png,broken_thread,3,synth,1.0,43,train
train/broken_thread/broken_thread_0276.png,broken_thread,3,synth,0.25,43,train
train/broken_thread/broken_thread_0277.png,broken_thread,3,synth,0.4,43,train
train/broken_thread/broken_thread_0278.png,broken_thread,3,synth,0.55,43,train
train/broken_thread/broken_thread_0279.png,broken_thread,3,synth,0.7,43,train
train/broken_thread/broken_thread_0280.png,broken_thread,3,synth,0.85,43,train
train/broken_thread/broken_thread_0281.png,broken_thread,3,synth,1.0,43,train
train/broken_thread/broken_thread_0282.png,broken_thread,3,synth,0.25,43,train
train/broken_thread/broken_thread_0283.png,broken_thread,3,synth,0.4,43,train
train/broken_thread/broken_thread_0284.png,broken_thread,3,synth,0.55,43,train
train/broken_thread/broken_thread_0285.png,broken_thread,3,synth,0.7,43,train
train/broken_thread/broken_thread_0286.png,broken_thread,3,synth,0.85,43,train
train/broken_thread/broken_thread_0287.png,broken_thread,3,synth,1.0,43,train
train/broken_thread/broken_thread_0288.png,broken_thread,3,synth,0.25,43,train
train/broken_thread/broken_thread_0289.png,broken_thread,3,synth,0.4,43,train
train/broken_thread/broken_thread_0290.png,broken_thread,3,synth,0.55,43,train
train/broken_thread/broken_thread_0291.png,broken_thread,3,synth,0.7,43,train
train/broken_thread/broken_thread_0292.png,broken_thread,3,synth,0.85,43,train
train/broken_thread/broken_thread_0293.png,broken_thread,3,synth,1.0,43,train
train/broken_thread/broken_thread_0294.png,broken_thread,3,synth,0.25,43,train
train/broken_thread/broken_thread_0295.png,broken_thread,3,synth,0.4,43,train
train/broken_thread/broken_thread_0296.png,broken_thread,3,synth,0.55,43,train
train/broken_thread/broken_thread_0297.png,broken_thread,3,synth,0.7,43,train
train/broken_thread/broken_thread_0298.png,broken_thread,3,synth,0.85,43,train
train/broken_thread/broken_thread_0299.png,broken_thread,3,synth,1.0,43,train
train/broken_thread/broken_thread_0300.png,broken_thread,3,synth,0.25,43,train
train/broken_thread/broken_thread_0301.png,broken_thread,3,synth,0.4,43,train
train/broken_thread/broken_thread_0302.png,broken_thread,3,synth,0.55,43,train
train/broken_thread/broken_thread_0303.png,broken_thread,3,synth,0.7,43,train
train/broken_thread/broken_thread_0304.png,broken_thread,3,synth,0.85,43,train
train/broken_thread/broken_thread_0305.png,broken_thread,3,synth,1.0,43,train
train/broken_thread/broken_thread_0306.png,broken_thread,3,synth,0.25,43,train
train/broken_thread/broken_thread_0307.png,broken_thread,3,synth,0.4,43,train
train/broken_thread/broken_thread_0308.png,broken_thread,3,synth,0.55,43,train
train/broken_thread/broken_thread_0309.png,broken_thread,3,synth,0.7,43,train
train/broken_thread/broken_thread_0310.png,broken_thread,3,synth,0.85,43,train
train/broken_thread/broken_thread_0311.png,broken_thread,3,synth,1.0,43,train
train/broken_thread/broken_thread_0312.png,broken_thread,3,synth,0.25,43,train
train/broken_thread/broken_thread_0313.png,broken_thread,3,synth,0.4,43,train
train/broken_thread/broken_thread_0314.png,broken_thread,3,synth,0.55,43,train
train/broken_thread/broken_thread_0315.png,broken_thread,3,synth,0.7,43,train
train/broken_thread/broken_thread_0316.png,broken_thread,3,synth,0.85,43,train
train/broken_thread/broken_thread_0317.png,broken_thread,3,synth,1.0,43,train
train/broken_thread/broken_thread_0318.png,broken_thread,3,synth,0.25,43,train
train/broken_thread/broken_thread_0319.png,broken_thread,3,synth,0.4,43,train
train/broken_thread/broken_thread_0320.png,broken_thread,3,synth,0.55,43,train
train/broken_thread/broken_thread_0321.png,broken_thread,3,synth,0.7,43,train
train/broken_thread/broken_thread_0322.png,broken_thread,3,synth,0.85,43,train
train/broken_thread/broken_thread_0323.png,broken_thread,3,synth,1.0,43,train
train/broken_thread/broken_thread_0324.png,broken_thread,3,synth,0.25,43,train
train/broken_thread/broken_thread_0325.png,broken_thread,3,synth,0.4,43,train
train/broken_thread/broken_thread_0326.png,broken_thread,3,synth,0.55,43,train
train/broken_thread/broken_thread_0327.png,broken_thread,3,synth,0.7,43,train
train/broken_thread/broken_thread_0328.png,broken_thread,3,synth,0.85,43,train
train/broken_thread/broken_thread_0329.png,broken_thread,3,synth,1.0,43,train
train/broken_thread/broken_thread_0330.png,broken_thread,3,synth,0.25,43,train
train/broken_thread/broken_thread_0331.png,broken_thread,3,synth,0.4,43,train
train/broken_thread/broken_thread_0332.png,broken_thread,3,synth,0.55,43,train
train/broken_thread/broken_thread_0333.png,broken_thread,3,synth,0.7,43,train
train/broken_thread/broken_thread_0334.png,broken_thread,3,synth,0.85,43,train
train/broken_thread/broken_thread_0335.png,broken_thread,3,synth,1.0,43,train
train/broken_thread/broken_thread_0336.png,broken_thread,3,synth,0.25,43,train
train/broken_thread/broken_thread_0337.png,broken_thread,3,synth,0.4,43,train
train/broken_thread/broken_thread_0338.png,broken_thread,3,synth,0.55,43,train
train/broken_thread/broken_thread_0339.png,broken_thread,3,synth,0.7,43,train
train/broken_thread/broken_thread_0340.png,broken_thread,3,synth,0.85,43,train
train/broken_thread/broken_thread_0341.png,broken_thread,3,synth,1.0,43,train
train/broken_thread/broken_thread_0342.png,broken_thread,3,synth,0.25,43,train
train/broken_thread/broken_thread_0343.png,broken_thread,3,synth,0.4,43,train
train/broken_thread/broken_thread_0344.png,broken_thread,3,synth,0.55,43,train
train/broken_thread/broken_thread_0345.png,broken_thread,3,synth,0.7,43,train
train/broken_thread/broken_thread_0346.png,broken_thread,3,synth,0.85,43,train
train/broken_thread/broken_thread_0347.png,broken_thread,3,synth,1.0,43,train
train/broken_thread/broken_thread_0348.png,broken_thread,3,synth,0.25,43,train
train/broken_thread/broken_thread_0349.png,broken_thread,3,synth,0.4,43,train
train/shade_variation/shade_variation_0000.png,shade_variation,4,synth,0.25,43,train
train/shade_variation/shade_variation_0001.png,shade_variation,4,synth,0.4,43,train
train/shade_variation/shade_variation_0002.png,shade_variation,4,synth,0.55,43,train
train/shade_variation/shade_variation_0003.png,shade_variation,4,synth,0.7,43,train
train/shade_variation/shade_variation_0004.png,shade_variation,4,synth,0.85,43,train
train/shade_variation/shade_variation_0005.png,shade_variation,4,synth,1.0,43,train
train/shade_variation/shade_variation_0006.png,shade_variation,4,synth,0.25,43,train
train/shade_variation/shade_variation_0007.png,shade_variation,4,synth,0.4,43,train
train/shade_variation/shade_variation_0008.png,shade_variation,4,synth,0.55,43,train
train/shade_variation/shade_variation_0009.png,shade_variation,4,synth,0.7,43,train
train/shade_variation/shade_variation_0010.png,shade_variation,4,synth,0.85,43,train
train/shade_variation/shade_variation_0011.png,shade_variation,4,synth,1.0,43,train
train/shade_variation/shade_variation_0012.png,shade_variation,4,synth,0.25,43,train
train/shade_variation/shade_variation_0013.png,shade_variation,4,synth,0.4,43,train
train/shade_variation/shade_variation_0014.png,shade_variation,4,synth,0.55,43,train
train/shade_variation/shade_variation_0015.png,shade_variation,4,synth,0.7,43,train
train/shade_variation/shade_variation_0016.png,shade_variation,4,synth,0.85,43,train
train/shade_variation/shade_variation_0017.png,shade_variation,4,synth,1.0,43,train
train/shade_variation/shade_variation_0018.png,shade_variation,4,synth,0.25,43,train
train/shade_variation/shade_variation_0019.png,shade_variation,4,synth,0.4,43,train
train/shade_variation/shade_variation_0020.png,shade_variation,4,synth,0.55,43,train
train/shade_variation/shade_variation_0021.png,shade_variation,4,synth,0.7,43,train
train/shade_variation/shade_variation_0022.png,shade_variation,4,synth,0.85,43,train
train/shade_variation/shade_variation_0023.png,shade_variation,4,synth,1.0,43,train
train/shade_variation/shade_variation_0024.png,shade_variation,4,synth,0.25,43,train
train/shade_variation/shade_variation_0025.png,shade_variation,4,synth,0.4,43,train
train/shade_variation/shade_variation_0026.png,shade_variation,4,synth,0.55,43,train
train/shade_variation/shade_variation_0027.png,shade_variation,4,synth,0.7,43,train
train/shade_variation/shade_variation_0028.png,shade_variation,4,synth,0.85,43,train
train/shade_variation/shade_variation_0029.png,shade_variation,4,synth,1.0,43,train
train/shade_variation/shade_variation_0030.png,shade_variation,4,synth,0.25,43,train
train/shade_variation/shade_variation_0031.png,shade_variation,4,synth,0.4,43,train
train/shade_variation/shade_variation_0032.png,shade_variation,4,synth,0.55,43,train
train/shade_variation/shade_variation_0033.png,shade_variation,4,synth,0.7,43,train
train/shade_variation/shade_variation_0034.png,shade_variation,4,synth,0.85,43,train
train/shade_variation/shade_variation_0035.png,shade_variation,4,synth,1.0,43,train
train/shade_variation/shade_variation_0036.png,shade_variation,4,synth,0.25,43,train
train/shade_variation/shade_variation_0037.png,shade_variation,4,synth,0.4,43,train
train/shade_variation/shade_variation_0038.png,shade_variation,4,synth,0.55,43,train
train/shade_variation/shade_variation_0039.png,shade_variation,4,synth,0.7,43,train
train/shade_variation/shade_variation_0040.png,shade_variation,4,synth,0.85,43,train
train/shade_variation/shade_variation_0041.png,shade_variation,4,synth,1.0,43,train
train/shade_variation/shade_variation_0042.png,shade_variation,4,synth,0.25,43,train
train/shade_variation/shade_variation_0043.png,shade_variation,4,synth,0.4,43,train
train/shade_variation/shade_variation_0044.png,shade_variation,4,synth,0.55,43,train
train/shade_variation/shade_variation_0045.png,shade_variation,4,synth,0.7,43,train
train/shade_variation/shade_variation_0046.png,shade_variation,4,synth,0.85,43,train
train/shade_variation/shade_variation_0047.png,shade_variation,4,synth,1.0,43,train
train/shade_variation/shade_variation_0048.png,shade_variation,4,synth,0.25,43,train
train/shade_variation/shade_variation_0049.png,shade_variation,4,synth,0.4,43,train
train/shade_variation/shade_variation_0050.png,shade_variation,4,synth,0.55,43,train
train/shade_variation/shade_variation_0051.png,shade_variation,4,synth,0.7,43,train
train/shade_variation/shade_variation_0052.png,shade_variation,4,synth,0.85,43,train
train/shade_variation/shade_variation_0053.png,shade_variation,4,synth,1.0,43,train
train/shade_variation/shade_variation_0054.png,shade_variation,4,synth,0.25,43,train
train/shade_variation/shade_variation_0055.png,shade_variation,4,synth,0.4,43,train
train/shade_variation/shade_variation_0056.png,shade_variation,4,synth,0.55,43,train
train/shade_variation/shade_variation_0057.png,shade_variation,4,synth,0.7,43,train
train/shade_variation/shade_variation_0058.png,shade_variation,4,synth,0.85,43,train
train/shade_variation/shade_variation_0059.png,shade_variation,4,synth,1.0,43,train
train/shade_variation/shade_variation_0060.png,shade_variation,4,synth,0.25,43,train
train/shade_variation/shade_variation_0061.png,shade_variation,4,synth,0.4,43,train
train/shade_variation/shade_variation_0062.png,shade_variation,4,synth,0.55,43,train
train/shade_variation/shade_variation_0063.png,shade_variation,4,synth,0.7,43,train
train/shade_variation/shade_variation_0064.png,shade_variation,4,synth,0.85,43,train
train/shade_variation/shade_variation_0065.png,shade_variation,4,synth,1.0,43,train
train/shade_variation/shade_variation_0066.png,shade_variation,4,synth,0.25,43,train
train/shade_variation/shade_variation_0067.png,shade_variation,4,synth,0.4,43,train
train/shade_variation/shade_variation_0068.png,shade_variation,4,synth,0.55,43,train
train/shade_variation/shade_variation_0069.png,shade_variation,4,synth,0.7,43,train
train/shade_variation/shade_variation_0070.png,shade_variation,4,synth,0.85,43,train
train/shade_variation/shade_variation_0071.png,shade_variation,4,synth,1.0,43,train
train/shade_variation/shade_variation_0072.png,shade_variation,4,synth,0.25,43,train
train/shade_variation/shade_variation_0073.png,shade_variation,4,synth,0.4,43,train
train/shade_variation/shade_variation_0074.png,shade_variation,4,synth,0.55,43,train
train/shade_variation/shade_variation_0075.png,shade_variation,4,synth,0.7,43,train
train/shade_variation/shade_variation_0076.png,shade_variation,4,synth,0.85,43,train
train/shade_variation/shade_variation_0077.png,shade_variation,4,synth,1.0,43,train
train/shade_variation/shade_variation_0078.png,shade_variation,4,synth,0.25,43,train
train/shade_variation/shade_variation_0079.png,shade_variation,4,synth,0.4,43,train
train/shade_variation/shade_variation_0080.png,shade_variation,4,synth,0.55,43,train
train/shade_variation/shade_variation_0081.png,shade_variation,4,synth,0.7,43,train
train/shade_variation/shade_variation_0082.png,shade_variation,4,synth,0.85,43,train
train/shade_variation/shade_variation_0083.png,shade_variation,4,synth,1.0,43,train
train/shade_variation/shade_variation_0084.png,shade_variation,4,synth,0.25,43,train
train/shade_variation/shade_variation_0085.png,shade_variation,4,synth,0.4,43,train
train/shade_variation/shade_variation_0086.png,shade_variation,4,synth,0.55,43,train
train/shade_variation/shade_variation_0087.png,shade_variation,4,synth,0.7,43,train
train/shade_variation/shade_variation_0088.png,shade_variation,4,synth,0.85,43,train
train/shade_variation/shade_variation_0089.png,shade_variation,4,synth,1.0,43,train
train/shade_variation/shade_variation_0090.png,shade_variation,4,synth,0.25,43,train
train/shade_variation/shade_variation_0091.png,shade_variation,4,synth,0.4,43,train
train/shade_variation/shade_variation_0092.png,shade_variation,4,synth,0.55,43,train
train/shade_variation/shade_variation_0093.png,shade_variation,4,synth,0.7,43,train
train/shade_variation/shade_variation_0094.png,shade_variation,4,synth,0.85,43,train
train/shade_variation/shade_variation_0095.png,shade_variation,4,synth,1.0,43,train
train/shade_variation/shade_variation_0096.png,shade_variation,4,synth,0.25,43,train
train/shade_variation/shade_variation_0097.png,shade_variation,4,synth,0.4,43,train
train/shade_variation/shade_variation_0098.png,shade_variation,4,synth,0.55,43,train
train/shade_variation/shade_variation_0099.png,shade_variation,4,synth,0.7,43,train
train/shade_variation/shade_variation_0100.png,shade_variation,4,synth,0.85,43,train
train/shade_variation/shade_variation_0101.png,shade_variation,4,synth,1.0,43,train
train/shade_variation/shade_variation_0102.png,shade_variation,4,synth,0.25,43,train
train/shade_variation/shade_variation_0103.png,shade_variation,4,synth,0.4,43,train
train/shade_variation/shade_variation_0104.png,shade_variation,4,synth,0.55,43,train
train/shade_variation/shade_variation_0105.png,shade_variation,4,synth,0.7,43,train
train/shade_variation/shade_variation_0106.png,shade_variation,4,synth,0.85,43,train
train/shade_variation/shade_variation_0107.png,shade_variation,4,synth,1.0,43,train
train/shade_variation/shade_variation_0108.png,shade_variation,4,synth,0.25,43,train
train/shade_variation/shade_variation_0109.png,shade_variation,4,synth,0.4,43,train
train/shade_variation/shade_variation_0110.png,shade_variation,4,synth,0.55,43,train
train/shade_variation/shade_variation_0111.png,shade_variation,4,synth,0.7,43,train
train/shade_variation/shade_variation_0112.png,shade_variation,4,synth,0.85,43,train
train/shade_variation/shade_variation_0113.png,shade_variation,4,synth,1.0,43,train
train/shade_variation/shade_variation_0114.png,shade_variation,4,synth,0.25,43,train
train/shade_variation/shade_variation_0115.png,shade_variation,4,synth,0.4,43,train
train/shade_variation/shade_variation_0116.png,shade_variation,4,synth,0.55,43,train
train/shade_variation/shade_variation_0117.png,shade_variation,4,synth,0.7,43,train
train/shade_variation/shade_variation_0118.png,shade_variation,4,synth,0.85,43,train
train/shade_variation/shade_variation_0119.png,shade_variation,4,synth,1.0,43,train
train/shade_variation/shade_variation_0120.png,shade_variation,4,synth,0.25,43,train
train/shade_variation/shade_variation_0121.png,shade_variation,4,synth,0.4,43,train
train/shade_variation/shade_variation_0122.png,shade_variation,4,synth,0.55,43,train
train/shade_variation/shade_variation_0123.png,shade_variation,4,synth,0.7,43,train
train/shade_variation/shade_variation_0124.png,shade_variation,4,synth,0.85,43,train
train/shade_variation/shade_variation_0125.png,shade_variation,4,synth,1.0,43,train
train/shade_variation/shade_variation_0126.png,shade_variation,4,synth,0.25,43,train
train/shade_variation/shade_variation_0127.png,shade_variation,4,synth,0.4,43,train
train/shade_variation/shade_variation_0128.png,shade_variation,4,synth,0.55,43,train
train/shade_variation/shade_variation_0129.png,shade_variation,4,synth,0.7,43,train
train/shade_variation/shade_variation_0130.png,shade_variation,4,synth,0.85,43,train
train/shade_variation/shade_variation_0131.png,shade_variation,4,synth,1.0,43,train
train/shade_variation/shade_variation_0132.png,shade_variation,4,synth,0.25,43,train
train/shade_variation/shade_variation_0133.png,shade_variation,4,synth,0.4,43,train
train/shade_variation/shade_variation_0134.png,shade_variation,4,synth,0.55,43,train
train/shade_variation/shade_variation_0135.png,shade_variation,4,synth,0.7,43,train
train/shade_variation/shade_variation_0136.png,shade_variation,4,synth,0.85,43,train
train/shade_variation/shade_variation_0137.png,shade_variation,4,synth,1.0,43,train
train/shade_variation/shade_variation_0138.png,shade_variation,4,synth,0.25,43,train
train/shade_variation/shade_variation_0139.png,shade_variation,4,synth,0.4,43,train
train/shade_variation/shade_variation_0140.png,shade_variation,4,synth,0.55,43,train
train/shade_variation/shade_variation_0141.png,shade_variation,4,synth,0.7,43,train
train/shade_variation/shade_variation_0142.png,shade_variation,4,synth,0.85,43,train
train/shade_variation/shade_variation_0143.png,shade_variation,4,synth,1.0,43,train
train/shade_variation/shade_variation_0144.png,shade_variation,4,synth,0.25,43,train
train/shade_variation/shade_variation_0145.png,shade_variation,4,synth,0.4,43,train
train/shade_variation/shade_variation_0146.png,shade_variation,4,synth,0.55,43,train
train/shade_variation/shade_variation_0147.png,shade_variation,4,synth,0.7,43,train
train/shade_variation/shade_variation_0148.png,shade_variation,4,synth,0.85,43,train
train/shade_variation/shade_variation_0149.png,shade_variation,4,synth,1.0,43,train
train/shade_variation/shade_variation_0150.png,shade_variation,4,synth,0.25,43,train
train/shade_variation/shade_variation_0151.png,shade_variation,4,synth,0.4,43,train
train/shade_variation/shade_variation_0152.png,shade_variation,4,synth,0.55,43,train
train/shade_variation/shade_variation_0153.png,shade_variation,4,synth,0.7,43,train
train/shade_variation/shade_variation_0154.png,shade_variation,4,synth,0.85,43,train
train/shade_variation/shade_variation_0155.png,shade_variation,4,synth,1.0,43,train
train/shade_variation/shade_variation_0156.png,shade_variation,4,synth,0.25,43,train
train/shade_variation/shade_variation_0157.png,shade_variation,4,synth,0.4,43,train
train/shade_variation/shade_variation_0158.png,shade_variation,4,synth,0.55,43,train
train/shade_variation/shade_variation_0159.png,shade_variation,4,synth,0.7,43,train
train/shade_variation/shade_variation_0160.png,shade_variation,4,synth,0.85,43,train
train/shade_variation/shade_variation_0161.png,shade_variation,4,synth,1.0,43,train
train/shade_variation/shade_variation_0162.png,shade_variation,4,synth,0.25,43,train
train/shade_variation/shade_variation_0163.png,shade_variation,4,synth,0.4,43,train
train/shade_variation/shade_variation_0164.png,shade_variation,4,synth,0.55,43,train
train/shade_variation/shade_variation_0165.png,shade_variation,4,synth,0.7,43,train
train/shade_variation/shade_variation_0166.png,shade_variation,4,synth,0.85,43,train
train/shade_variation/shade_variation_0167.png,shade_variation,4,synth,1.0,43,train
train/shade_variation/shade_variation_0168.png,shade_variation,4,synth,0.25,43,train
train/shade_variation/shade_variation_0169.png,shade_variation,4,synth,0.4,43,train
train/shade_variation/shade_variation_0170.png,shade_variation,4,synth,0.55,43,train
train/shade_variation/shade_variation_0171.png,shade_variation,4,synth,0.7,43,train
train/shade_variation/shade_variation_0172.png,shade_variation,4,synth,0.85,43,train
train/shade_variation/shade_variation_0173.png,shade_variation,4,synth,1.0,43,train
train/shade_variation/shade_variation_0174.png,shade_variation,4,synth,0.25,43,train
train/shade_variation/shade_variation_0175.png,shade_variation,4,synth,0.4,43,train
train/shade_variation/shade_variation_0176.png,shade_variation,4,synth,0.55,43,train
train/shade_variation/shade_variation_0177.png,shade_variation,4,synth,0.7,43,train
train/shade_variation/shade_variation_0178.png,shade_variation,4,synth,0.85,43,train
train/shade_variation/shade_variation_0179.png,shade_variation,4,synth,1.0,43,train
train/shade_variation/shade_variation_0180.png,shade_variation,4,synth,0.25,43,train
train/shade_variation/shade_variation_0181.png,shade_variation,4,synth,0.4,43,train
train/shade_variation/shade_variation_0182.png,shade_variation,4,synth,0.55,43,train
train/shade_variation/shade_variation_0183.png,shade_variation,4,synth,0.7,43,train
train/shade_variation/shade_variation_0184.png,shade_variation,4,synth,0.85,43,train
train/shade_variation/shade_variation_0185.png,shade_variation,4,synth,1.0,43,train
train/shade_variation/shade_variation_0186.png,shade_variation,4,synth,0.25,43,train
train/shade_variation/shade_variation_0187.png,shade_variation,4,synth,0.4,43,train
train/shade_variation/shade_variation_0188.png,shade_variation,4,synth,0.55,43,train
train/shade_variation/shade_variation_0189.png,shade_variation,4,synth,0.7,43,train
train/shade_variation/shade_variation_0190.png,shade_variation,4,synth,0.85,43,train
train/shade_variation/shade_variation_0191.png,shade_variation,4,synth,1.0,43,train
train/shade_variation/shade_variation_0192.png,shade_variation,4,synth,0.25,43,train
train/shade_variation/shade_variation_0193.png,shade_variation,4,synth,0.4,43,train
train/shade_variation/shade_variation_0194.png,shade_variation,4,synth,0.55,43,train
train/shade_variation/shade_variation_0195.png,shade_variation,4,synth,0.7,43,train
train/shade_variation/shade_variation_0196.png,shade_variation,4,synth,0.85,43,train
train/shade_variation/shade_variation_0197.png,shade_variation,4,synth,1.0,43,train
train/shade_variation/shade_variation_0198.png,shade_variation,4,synth,0.25,43,train
train/shade_variation/shade_variation_0199.png,shade_variation,4,synth,0.4,43,train
train/shade_variation/shade_variation_0200.png,shade_variation,4,synth,0.55,43,train
train/shade_variation/shade_variation_0201.png,shade_variation,4,synth,0.7,43,train
train/shade_variation/shade_variation_0202.png,shade_variation,4,synth,0.85,43,train
train/shade_variation/shade_variation_0203.png,shade_variation,4,synth,1.0,43,train
train/shade_variation/shade_variation_0204.png,shade_variation,4,synth,0.25,43,train
train/shade_variation/shade_variation_0205.png,shade_variation,4,synth,0.4,43,train
train/shade_variation/shade_variation_0206.png,shade_variation,4,synth,0.55,43,train
train/shade_variation/shade_variation_0207.png,shade_variation,4,synth,0.7,43,train
train/shade_variation/shade_variation_0208.png,shade_variation,4,synth,0.85,43,train
train/shade_variation/shade_variation_0209.png,shade_variation,4,synth,1.0,43,train
train/shade_variation/shade_variation_0210.png,shade_variation,4,synth,0.25,43,train
train/shade_variation/shade_variation_0211.png,shade_variation,4,synth,0.4,43,train
train/shade_variation/shade_variation_0212.png,shade_variation,4,synth,0.55,43,train
train/shade_variation/shade_variation_0213.png,shade_variation,4,synth,0.7,43,train
train/shade_variation/shade_variation_0214.png,shade_variation,4,synth,0.85,43,train
train/shade_variation/shade_variation_0215.png,shade_variation,4,synth,1.0,43,train
train/shade_variation/shade_variation_0216.png,shade_variation,4,synth,0.25,43,train
train/shade_variation/shade_variation_0217.png,shade_variation,4,synth,0.4,43,train
train/shade_variation/shade_variation_0218.png,shade_variation,4,synth,0.55,43,train
train/shade_variation/shade_variation_0219.png,shade_variation,4,synth,0.7,43,train
train/shade_variation/shade_variation_0220.png,shade_variation,4,synth,0.85,43,train
train/shade_variation/shade_variation_0221.png,shade_variation,4,synth,1.0,43,train
train/shade_variation/shade_variation_0222.png,shade_variation,4,synth,0.25,43,train
train/shade_variation/shade_variation_0223.png,shade_variation,4,synth,0.4,43,train
train/shade_variation/shade_variation_0224.png,shade_variation,4,synth,0.55,43,train
train/shade_variation/shade_variation_0225.png,shade_variation,4,synth,0.7,43,train
train/shade_variation/shade_variation_0226.png,shade_variation,4,synth,0.85,43,train
train/shade_variation/shade_variation_0227.png,shade_variation,4,synth,1.0,43,train
train/shade_variation/shade_variation_0228.png,shade_variation,4,synth,0.25,43,train
train/shade_variation/shade_variation_0229.png,shade_variation,4,synth,0.4,43,train
train/shade_variation/shade_variation_0230.png,shade_variation,4,synth,0.55,43,train
train/shade_variation/shade_variation_0231.png,shade_variation,4,synth,0.7,43,train
train/shade_variation/shade_variation_0232.png,shade_variation,4,synth,0.85,43,train
train/shade_variation/shade_variation_0233.png,shade_variation,4,synth,1.0,43,train
train/shade_variation/shade_variation_0234.png,shade_variation,4,synth,0.25,43,train
train/shade_variation/shade_variation_0235.png,shade_variation,4,synth,0.4,43,train
train/shade_variation/shade_variation_0236.png,shade_variation,4,synth,0.55,43,train
train/shade_variation/shade_variation_0237.png,shade_variation,4,synth,0.7,43,train
train/shade_variation/shade_variation_0238.png,shade_variation,4,synth,0.85,43,train
train/shade_variation/shade_variation_0239.png,shade_variation,4,synth,1.0,43,train
train/shade_variation/shade_variation_0240.png,shade_variation,4,synth,0.25,43,train
train/shade_variation/shade_variation_0241.png,shade_variation,4,synth,0.4,43,train
train/shade_variation/shade_variation_0242.png,shade_variation,4,synth,0.55,43,train
train/shade_variation/shade_variation_0243.png,shade_variation,4,synth,0.7,43,train
train/shade_variation/shade_variation_0244.png,shade_variation,4,synth,0.85,43,train
train/shade_variation/shade_variation_0245.png,shade_variation,4,synth,1.0,43,train
train/shade_variation/shade_variation_0246.png,shade_variation,4,synth,0.25,43,train
train/shade_variation/shade_variation_0247.png,shade_variation,4,synth,0.4,43,train
train/shade_variation/shade_variation_0248.png,shade_variation,4,synth,0.55,43,train
train/shade_variation/shade_variation_0249.png,shade_variation,4,synth,0.7,43,train
train/shade_variation/shade_variation_0250.png,shade_variation,4,synth,0.85,43,train
train/shade_variation/shade_variation_0251.png,shade_variation,4,synth,1.0,43,train
train/shade_variation/shade_variation_0252.png,shade_variation,4,synth,0.25,43,train
train/shade_variation/shade_variation_0253.png,shade_variation,4,synth,0.4,43,train
train/shade_variation/shade_variation_0254.png,shade_variation,4,synth,0.55,43,train
train/shade_variation/shade_variation_0255.png,shade_variation,4,synth,0.7,43,train
train/shade_variation/shade_variation_0256.png,shade_variation,4,synth,0.85,43,train
train/shade_variation/shade_variation_0257.png,shade_variation,4,synth,1.0,43,train
train/shade_variation/shade_variation_0258.png,shade_variation,4,synth,0.25,43,train
train/shade_variation/shade_variation_0259.png,shade_variation,4,synth,0.4,43,train
train/shade_variation/shade_variation_0260.png,shade_variation,4,synth,0.55,43,train
train/shade_variation/shade_variation_0261.png,shade_variation,4,synth,0.7,43,train
train/shade_variation/shade_variation_0262.png,shade_variation,4,synth,0.85,43,train
train/shade_variation/shade_variation_0263.png,shade_variation,4,synth,1.0,43,train
train/shade_variation/shade_variation_0264.png,shade_variation,4,synth,0.25,43,train
train/shade_variation/shade_variation_0265.png,shade_variation,4,synth,0.4,43,train
train/shade_variation/shade_variation_0266.png,shade_variation,4,synth,0.55,43,train
train/shade_variation/shade_variation_0267.png,shade_variation,4,synth,0.7,43,train
train/shade_variation/shade_variation_0268.png,shade_variation,4,synth,0.85,43,train
train/shade_variation/shade_variation_0269.png,shade_variation,4,synth,1.0,43,train
train/shade_variation/shade_variation_0270.png,shade_variation,4,synth,0.25,43,train
train/shade_variation/shade_variation_0271.png,shade_variation,4,synth,0.4,43,train
train/shade_variation/shade_variation_0272.png,shade_variation,4,synth,0.55,43,train
train/shade_variation/shade_variation_0273.png,shade_variation,4,synth,0.7,43,train
train/shade_variation/shade_variation_0274.png,shade_variation,4,synth,0.85,43,train
train/shade_variation/shade_variation_0275.png,shade_variation,4,synth,1.0,43,train
train/shade_variation/shade_variation_0276.png,shade_variation,4,synth,0.25,43,train
train/shade_variation/shade_variation_0277.png,shade_variation,4,synth,0.4,43,train
train/shade_variation/shade_variation_0278.png,shade_variation,4,synth,0.55,43,train
train/shade_variation/shade_variation_0279.png,shade_variation,4,synth,0.7,43,train
train/shade_variation/shade_variation_0280.png,shade_variation,4,synth,0.85,43,train
train/shade_variation/shade_variation_0281.png,shade_variation,4,synth,1.0,43,train
train/shade_variation/shade_variation_0282.png,shade_variation,4,synth,0.25,43,train
train/shade_variation/shade_variation_0283.png,shade_variation,4,synth,0.4,43,train
train/shade_variation/shade_variation_0284.png,shade_variation,4,synth,0.55,43,train
train/shade_variation/shade_variation_0285.png,shade_variation,4,synth,0.7,43,train
train/shade_variation/shade_variation_0286.png,shade_variation,4,synth,0.85,43,train
train/shade_variation/shade_variation_0287.png,shade_variation,4,synth,1.0,43,train
train/shade_variation/shade_variation_0288.png,shade_variation,4,synth,0.25,43,train
train/shade_variation/shade_variation_0289.png,shade_variation,4,synth,0.4,43,train
train/shade_variation/shade_variation_0290.png,shade_variation,4,synth,0.55,43,train
train/shade_variation/shade_variation_0291.png,shade_variation,4,synth,0.7,43,train
train/shade_variation/shade_variation_0292.png,shade_variation,4,synth,0.85,43,train
train/shade_variation/shade_variation_0293.png,shade_variation,4,synth,1.0,43,train
train/shade_variation/shade_variation_0294.png,shade_variation,4,synth,0.25,43,train
train/shade_variation/shade_variation_0295.png,shade_variation,4,synth,0.4,43,train
train/shade_variation/shade_variation_0296.png,shade_variation,4,synth,0.55,43,train
train/shade_variation/shade_variation_0297.png,shade_variation,4,synth,0.7,43,train
train/shade_variation/shade_variation_0298.png,shade_variation,4,synth,0.85,43,train
train/shade_variation/shade_variation_0299.png,shade_variation,4,synth,1.0,43,train
train/shade_variation/shade_variation_0300.png,shade_variation,4,synth,0.25,43,train
train/shade_variation/shade_variation_0301.png,shade_variation,4,synth,0.4,43,train
train/shade_variation/shade_variation_0302.png,shade_variation,4,synth,0.55,43,train
train/shade_variation/shade_variation_0303.png,shade_variation,4,synth,0.7,43,train
train/shade_variation/shade_variation_0304.png,shade_variation,4,synth,0.85,43,train
train/shade_variation/shade_variation_0305.png,shade_variation,4,synth,1.0,43,train
train/shade_variation/shade_variation_0306.png,shade_variation,4,synth,0.25,43,train
train/shade_variation/shade_variation_0307.png,shade_variation,4,synth,0.4,43,train
train/shade_variation/shade_variation_0308.png,shade_variation,4,synth,0.55,43,train
train/shade_variation/shade_variation_0309.png,shade_variation,4,synth,0.7,43,train
train/shade_variation/shade_variation_0310.png,shade_variation,4,synth,0.85,43,train
train/shade_variation/shade_variation_0311.png,shade_variation,4,synth,1.0,43,train
train/shade_variation/shade_variation_0312.png,shade_variation,4,synth,0.25,43,train
train/shade_variation/shade_variation_0313.png,shade_variation,4,synth,0.4,43,train
train/shade_variation/shade_variation_0314.png,shade_variation,4,synth,0.55,43,train
train/shade_variation/shade_variation_0315.png,shade_variation,4,synth,0.7,43,train
train/shade_variation/shade_variation_0316.png,shade_variation,4,synth,0.85,43,train
train/shade_variation/shade_variation_0317.png,shade_variation,4,synth,1.0,43,train
train/shade_variation/shade_variation_0318.png,shade_variation,4,synth,0.25,43,train
train/shade_variation/shade_variation_0319.png,shade_variation,4,synth,0.4,43,train
train/shade_variation/shade_variation_0320.png,shade_variation,4,synth,0.55,43,train
train/shade_variation/shade_variation_0321.png,shade_variation,4,synth,0.7,43,train
train/shade_variation/shade_variation_0322.png,shade_variation,4,synth,0.85,43,train
train/shade_variation/shade_variation_0323.png,shade_variation,4,synth,1.0,43,train
train/shade_variation/shade_variation_0324.png,shade_variation,4,synth,0.25,43,train
train/shade_variation/shade_variation_0325.png,shade_variation,4,synth,0.4,43,train
train/shade_variation/shade_variation_0326.png,shade_variation,4,synth,0.55,43,train
train/shade_variation/shade_variation_0327.png,shade_variation,4,synth,0.7,43,train
train/shade_variation/shade_variation_0328.png,shade_variation,4,synth,0.85,43,train
train/shade_variation/shade_variation_0329.png,shade_variation,4,synth,1.0,43,train
train/shade_variation/shade_variation_0330.png,shade_variation,4,synth,0.25,43,train
train/shade_variation/shade_variation_0331.png,shade_variation,4,synth,0.4,43,train
train/shade_variation/shade_variation_0332.png,shade_variation,4,synth,0.55,43,train
train/shade_variation/shade_variation_0333.png,shade_variation,4,synth,0.7,43,train
train/shade_variation/shade_variation_0334.png,shade_variation,4,synth,0.85,43,train
train/shade_variation/shade_variation_0335.png,shade_variation,4,synth,1.0,43,train
train/shade_variation/shade_variation_0336.png,shade_variation,4,synth,0.25,43,train
train/shade_variation/shade_variation_0337.png,shade_variation,4,synth,0.4,43,train
train/shade_variation/shade_variation_0338.png,shade_variation,4,synth,0.55,43,train
train/shade_variation/shade_variation_0339.png,shade_variation,4,synth,0.7,43,train
train/shade_variation/shade_variation_0340.png,shade_variation,4,synth,0.85,43,train
train/shade_variation/shade_variation_0341.png,shade_variation,4,synth,1.0,43,train
train/shade_variation/shade_variation_0342.png,shade_variation,4,synth,0.25,43,train
train/shade_variation/shade_variation_0343.png,shade_variation,4,synth,0.4,43,train
train/shade_variation/shade_variation_0344.png,shade_variation,4,synth,0.55,43,train
train/shade_variation/shade_variation_0345.png,shade_variation,4,synth,0.7,43,train
train/shade_variation/shade_variation_0346.png,shade_variation,4,synth,0.85,43,train
train/shade_variation/shade_variation_0347.png,shade_variation,4,synth,1.0,43,train
train/shade_variation/shade_variation_0348.png,shade_variation,4,synth,0.25,43,train
train/shade_variation/shade_variation_0349.png,shade_variation,4,synth,0.4,43,train
train/print_misalignment/print_misalignment_0000.png,print_misalignment,5,synth,0.25,43,train
train/print_misalignment/print_misalignment_0001.png,print_misalignment,5,synth,0.4,43,train
train/print_misalignment/print_misalignment_0002.png,print_misalignment,5,synth,0.55,43,train
train/print_misalignment/print_misalignment_0003.png,print_misalignment,5,synth,0.7,43,train
train/print_misalignment/print_misalignment_0004.png,print_misalignment,5,synth,0.85,43,train
train/print_misalignment/print_misalignment_0005.png,print_misalignment,5,synth,1.0,43,train
train/print_misalignment/print_misalignment_0006.png,print_misalignment,5,synth,0.25,43,train
train/print_misalignment/print_misalignment_0007.png,print_misalignment,5,synth,0.4,43,train
train/print_misalignment/print_misalignment_0008.png,print_misalignment,5,synth,0.55,43,train
train/print_misalignment/print_misalignment_0009.png,print_misalignment,5,synth,0.7,43,train
train/print_misalignment/print_misalignment_0010.png,print_misalignment,5,synth,0.85,43,train
train/print_misalignment/print_misalignment_0011.png,print_misalignment,5,synth,1.0,43,train
train/print_misalignment/print_misalignment_0012.png,print_misalignment,5,synth,0.25,43,train
train/print_misalignment/print_misalignment_0013.png,print_misalignment,5,synth,0.4,43,train
train/print_misalignment/print_misalignment_0014.png,print_misalignment,5,synth,0.55,43,train
train/print_misalignment/print_misalignment_0015.png,print_misalignment,5,synth,0.7,43,train
train/print_misalignment/print_misalignment_0016.png,print_misalignment,5,synth,0.85,43,train
train/print_misalignment/print_misalignment_0017.png,print_misalignment,5,synth,1.0,43,train
train/print_misalignment/print_misalignment_0018.png,print_misalignment,5,synth,0.25,43,train
train/print_misalignment/print_misalignment_0019.png,print_misalignment,5,synth,0.4,43,train
train/print_misalignment/print_misalignment_0020.png,print_misalignment,5,synth,0.55,43,train
train/print_misalignment/print_misalignment_0021.png,print_misalignment,5,synth,0.7,43,train
train/print_misalignment/print_misalignment_0022.png,print_misalignment,5,synth,0.85,43,train
train/print_misalignment/print_misalignment_0023.png,print_misalignment,5,synth,1.0,43,train
train/print_misalignment/print_misalignment_0024.png,print_misalignment,5,synth,0.25,43,train
train/print_misalignment/print_misalignment_0025.png,print_misalignment,5,synth,0.4,43,train
train/print_misalignment/print_misalignment_0026.png,print_misalignment,5,synth,0.55,43,train
train/print_misalignment/print_misalignment_0027.png,print_misalignment,5,synth,0.7,43,train
train/print_misalignment/print_misalignment_0028.png,print_misalignment,5,synth,0.85,43,train
train/print_misalignment/print_misalignment_0029.png,print_misalignment,5,synth,1.0,43,train
train/print_misalignment/print_misalignment_0030.png,print_misalignment,5,synth,0.25,43,train
train/print_misalignment/print_misalignment_0031.png,print_misalignment,5,synth,0.4,43,train
train/print_misalignment/print_misalignment_0032.png,print_misalignment,5,synth,0.55,43,train
train/print_misalignment/print_misalignment_0033.png,print_misalignment,5,synth,0.7,43,train
train/print_misalignment/print_misalignment_0034.png,print_misalignment,5,synth,0.85,43,train
train/print_misalignment/print_misalignment_0035.png,print_misalignment,5,synth,1.0,43,train
train/print_misalignment/print_misalignment_0036.png,print_misalignment,5,synth,0.25,43,train
train/print_misalignment/print_misalignment_0037.png,print_misalignment,5,synth,0.4,43,train
train/print_misalignment/print_misalignment_0038.png,print_misalignment,5,synth,0.55,43,train
train/print_misalignment/print_misalignment_0039.png,print_misalignment,5,synth,0.7,43,train
train/print_misalignment/print_misalignment_0040.png,print_misalignment,5,synth,0.85,43,train
train/print_misalignment/print_misalignment_0041.png,print_misalignment,5,synth,1.0,43,train
train/print_misalignment/print_misalignment_0042.png,print_misalignment,5,synth,0.25,43,train
train/print_misalignment/print_misalignment_0043.png,print_misalignment,5,synth,0.4,43,train
train/print_misalignment/print_misalignment_0044.png,print_misalignment,5,synth,0.55,43,train
train/print_misalignment/print_misalignment_0045.png,print_misalignment,5,synth,0.7,43,train
train/print_misalignment/print_misalignment_0046.png,print_misalignment,5,synth,0.85,43,train
train/print_misalignment/print_misalignment_0047.png,print_misalignment,5,synth,1.0,43,train
train/print_misalignment/print_misalignment_0048.png,print_misalignment,5,synth,0.25,43,train
train/print_misalignment/print_misalignment_0049.png,print_misalignment,5,synth,0.4,43,train
train/print_misalignment/print_misalignment_0050.png,print_misalignment,5,synth,0.55,43,train
train/print_misalignment/print_misalignment_0051.png,print_misalignment,5,synth,0.7,43,train
train/print_misalignment/print_misalignment_0052.png,print_misalignment,5,synth,0.85,43,train
train/print_misalignment/print_misalignment_0053.png,print_misalignment,5,synth,1.0,43,train
train/print_misalignment/print_misalignment_0054.png,print_misalignment,5,synth,0.25,43,train
train/print_misalignment/print_misalignment_0055.png,print_misalignment,5,synth,0.4,43,train
train/print_misalignment/print_misalignment_0056.png,print_misalignment,5,synth,0.55,43,train
train/print_misalignment/print_misalignment_0057.png,print_misalignment,5,synth,0.7,43,train
train/print_misalignment/print_misalignment_0058.png,print_misalignment,5,synth,0.85,43,train
train/print_misalignment/print_misalignment_0059.png,print_misalignment,5,synth,1.0,43,train
train/print_misalignment/print_misalignment_0060.png,print_misalignment,5,synth,0.25,43,train
train/print_misalignment/print_misalignment_0061.png,print_misalignment,5,synth,0.4,43,train
train/print_misalignment/print_misalignment_0062.png,print_misalignment,5,synth,0.55,43,train
train/print_misalignment/print_misalignment_0063.png,print_misalignment,5,synth,0.7,43,train
train/print_misalignment/print_misalignment_0064.png,print_misalignment,5,synth,0.85,43,train
train/print_misalignment/print_misalignment_0065.png,print_misalignment,5,synth,1.0,43,train
train/print_misalignment/print_misalignment_0066.png,print_misalignment,5,synth,0.25,43,train
train/print_misalignment/print_misalignment_0067.png,print_misalignment,5,synth,0.4,43,train
train/print_misalignment/print_misalignment_0068.png,print_misalignment,5,synth,0.55,43,train
train/print_misalignment/print_misalignment_0069.png,print_misalignment,5,synth,0.7,43,train
train/print_misalignment/print_misalignment_0070.png,print_misalignment,5,synth,0.85,43,train
train/print_misalignment/print_misalignment_0071.png,print_misalignment,5,synth,1.0,43,train
train/print_misalignment/print_misalignment_0072.png,print_misalignment,5,synth,0.25,43,train
train/print_misalignment/print_misalignment_0073.png,print_misalignment,5,synth,0.4,43,train
train/print_misalignment/print_misalignment_0074.png,print_misalignment,5,synth,0.55,43,train
train/print_misalignment/print_misalignment_0075.png,print_misalignment,5,synth,0.7,43,train
train/print_misalignment/print_misalignment_0076.png,print_misalignment,5,synth,0.85,43,train
train/print_misalignment/print_misalignment_0077.png,print_misalignment,5,synth,1.0,43,train
train/print_misalignment/print_misalignment_0078.png,print_misalignment,5,synth,0.25,43,train
train/print_misalignment/print_misalignment_0079.png,print_misalignment,5,synth,0.4,43,train
train/print_misalignment/print_misalignment_0080.png,print_misalignment,5,synth,0.55,43,train
train/print_misalignment/print_misalignment_0081.png,print_misalignment,5,synth,0.7,43,train
train/print_misalignment/print_misalignment_0082.png,print_misalignment,5,synth,0.85,43,train
train/print_misalignment/print_misalignment_0083.png,print_misalignment,5,synth,1.0,43,train
train/print_misalignment/print_misalignment_0084.png,print_misalignment,5,synth,0.25,43,train
train/print_misalignment/print_misalignment_0085.png,print_misalignment,5,synth,0.4,43,train
train/print_misalignment/print_misalignment_0086.png,print_misalignment,5,synth,0.55,43,train
train/print_misalignment/print_misalignment_0087.png,print_misalignment,5,synth,0.7,43,train
train/print_misalignment/print_misalignment_0088.png,print_misalignment,5,synth,0.85,43,train
train/print_misalignment/print_misalignment_0089.png,print_misalignment,5,synth,1.0,43,train
train/print_misalignment/print_misalignment_0090.png,print_misalignment,5,synth,0.25,43,train
train/print_misalignment/print_misalignment_0091.png,print_misalignment,5,synth,0.4,43,train
train/print_misalignment/print_misalignment_0092.png,print_misalignment,5,synth,0.55,43,train
train/print_misalignment/print_misalignment_0093.png,print_misalignment,5,synth,0.7,43,train
train/print_misalignment/print_misalignment_0094.png,print_misalignment,5,synth,0.85,43,train
train/print_misalignment/print_misalignment_0095.png,print_misalignment,5,synth,1.0,43,train
train/print_misalignment/print_misalignment_0096.png,print_misalignment,5,synth,0.25,43,train
train/print_misalignment/print_misalignment_0097.png,print_misalignment,5,synth,0.4,43,train
train/print_misalignment/print_misalignment_0098.png,print_misalignment,5,synth,0.55,43,train
train/print_misalignment/print_misalignment_0099.png,print_misalignment,5,synth,0.7,43,train
train/print_misalignment/print_misalignment_0100.png,print_misalignment,5,synth,0.85,43,train
train/print_misalignment/print_misalignment_0101.png,print_misalignment,5,synth,1.0,43,train
train/print_misalignment/print_misalignment_0102.png,print_misalignment,5,synth,0.25,43,train
train/print_misalignment/print_misalignment_0103.png,print_misalignment,5,synth,0.4,43,train
train/print_misalignment/print_misalignment_0104.png,print_misalignment,5,synth,0.55,43,train
train/print_misalignment/print_misalignment_0105.png,print_misalignment,5,synth,0.7,43,train
train/print_misalignment/print_misalignment_0106.png,print_misalignment,5,synth,0.85,43,train
train/print_misalignment/print_misalignment_0107.png,print_misalignment,5,synth,1.0,43,train
train/print_misalignment/print_misalignment_0108.png,print_misalignment,5,synth,0.25,43,train
train/print_misalignment/print_misalignment_0109.png,print_misalignment,5,synth,0.4,43,train
train/print_misalignment/print_misalignment_0110.png,print_misalignment,5,synth,0.55,43,train
train/print_misalignment/print_misalignment_0111.png,print_misalignment,5,synth,0.7,43,train
train/print_misalignment/print_misalignment_0112.png,print_misalignment,5,synth,0.85,43,train
train/print_misalignment/print_misalignment_0113.png,print_misalignment,5,synth,1.0,43,train
train/print_misalignment/print_misalignment_0114.png,print_misalignment,5,synth,0.25,43,train
train/print_misalignment/print_misalignment_0115.png,print_misalignment,5,synth,0.4,43,train
train/print_misalignment/print_misalignment_0116.png,print_misalignment,5,synth,0.55,43,train
train/print_misalignment/print_misalignment_0117.png,print_misalignment,5,synth,0.7,43,train
train/print_misalignment/print_misalignment_0118.png,print_misalignment,5,synth,0.85,43,train
train/print_misalignment/print_misalignment_0119.png,print_misalignment,5,synth,1.0,43,train
train/print_misalignment/print_misalignment_0120.png,print_misalignment,5,synth,0.25,43,train
train/print_misalignment/print_misalignment_0121.png,print_misalignment,5,synth,0.4,43,train
train/print_misalignment/print_misalignment_0122.png,print_misalignment,5,synth,0.55,43,train
train/print_misalignment/print_misalignment_0123.png,print_misalignment,5,synth,0.7,43,train
train/print_misalignment/print_misalignment_0124.png,print_misalignment,5,synth,0.85,43,train
train/print_misalignment/print_misalignment_0125.png,print_misalignment,5,synth,1.0,43,train
train/print_misalignment/print_misalignment_0126.png,print_misalignment,5,synth,0.25,43,train
train/print_misalignment/print_misalignment_0127.png,print_misalignment,5,synth,0.4,43,train
train/print_misalignment/print_misalignment_0128.png,print_misalignment,5,synth,0.55,43,train
train/print_misalignment/print_misalignment_0129.png,print_misalignment,5,synth,0.7,43,train
train/print_misalignment/print_misalignment_0130.png,print_misalignment,5,synth,0.85,43,train
train/print_misalignment/print_misalignment_0131.png,print_misalignment,5,synth,1.0,43,train
train/print_misalignment/print_misalignment_0132.png,print_misalignment,5,synth,0.25,43,train
train/print_misalignment/print_misalignment_0133.png,print_misalignment,5,synth,0.4,43,train
train/print_misalignment/print_misalignment_0134.png,print_misalignment,5,synth,0.55,43,train
train/print_misalignment/print_misalignment_0135.png,print_misalignment,5,synth,0.7,43,train
train/print_misalignment/print_misalignment_0136.png,print_misalignment,5,synth,0.85,43,train
train/print_misalignment/print_misalignment_0137.png,print_misalignment,5,synth,1.0,43,train
train/print_misalignment/print_misalignment_0138.png,print_misalignment,5,synth,0.25,43,train
train/print_misalignment/print_misalignment_0139.png,print_misalignment,5,synth,0.4,43,train
train/print_misalignment/print_misalignment_0140.png,print_misalignment,5,synth,0.55,43,train
train/print_misalignment/print_misalignment_0141.png,print_misalignment,5,synth,0.7,43,train
train/print_misalignment/print_misalignment_0142.png,print_misalignment,5,synth,0.85,43,train
train/print_misalignment/print_misalignment_0143.png,print_misalignment,5,synth,1.0,43,train
train/print_misalignment/print_misalignment_0144.png,print_misalignment,5,synth,0.25,43,train
train/print_misalignment/print_misalignment_0145.png,print_misalignment,5,synth,0.4,43,train
train/print_misalignment/print_misalignment_0146.png,print_misalignment,5,synth,0.55,43,train
train/print_misalignment/print_misalignment_0147.png,print_misalignment,5,synth,0.7,43,train
train/print_misalignment/print_misalignment_0148.png,print_misalignment,5,synth,0.85,43,train
train/print_misalignment/print_misalignment_0149.png,print_misalignment,5,synth,1.0,43,train
train/print_misalignment/print_misalignment_0150.png,print_misalignment,5,synth,0.25,43,train
train/print_misalignment/print_misalignment_0151.png,print_misalignment,5,synth,0.4,43,train
train/print_misalignment/print_misalignment_0152.png,print_misalignment,5,synth,0.55,43,train
train/print_misalignment/print_misalignment_0153.png,print_misalignment,5,synth,0.7,43,train
train/print_misalignment/print_misalignment_0154.png,print_misalignment,5,synth,0.85,43,train
train/print_misalignment/print_misalignment_0155.png,print_misalignment,5,synth,1.0,43,train
train/print_misalignment/print_misalignment_0156.png,print_misalignment,5,synth,0.25,43,train
train/print_misalignment/print_misalignment_0157.png,print_misalignment,5,synth,0.4,43,train
train/print_misalignment/print_misalignment_0158.png,print_misalignment,5,synth,0.55,43,train
train/print_misalignment/print_misalignment_0159.png,print_misalignment,5,synth,0.7,43,train
train/print_misalignment/print_misalignment_0160.png,print_misalignment,5,synth,0.85,43,train
train/print_misalignment/print_misalignment_0161.png,print_misalignment,5,synth,1.0,43,train
train/print_misalignment/print_misalignment_0162.png,print_misalignment,5,synth,0.25,43,train
train/print_misalignment/print_misalignment_0163.png,print_misalignment,5,synth,0.4,43,train
train/print_misalignment/print_misalignment_0164.png,print_misalignment,5,synth,0.55,43,train
train/print_misalignment/print_misalignment_0165.png,print_misalignment,5,synth,0.7,43,train
train/print_misalignment/print_misalignment_0166.png,print_misalignment,5,synth,0.85,43,train
train/print_misalignment/print_misalignment_0167.png,print_misalignment,5,synth,1.0,43,train
train/print_misalignment/print_misalignment_0168.png,print_misalignment,5,synth,0.25,43,train
train/print_misalignment/print_misalignment_0169.png,print_misalignment,5,synth,0.4,43,train
train/print_misalignment/print_misalignment_0170.png,print_misalignment,5,synth,0.55,43,train
train/print_misalignment/print_misalignment_0171.png,print_misalignment,5,synth,0.7,43,train
train/print_misalignment/print_misalignment_0172.png,print_misalignment,5,synth,0.85,43,train
train/print_misalignment/print_misalignment_0173.png,print_misalignment,5,synth,1.0,43,train
train/print_misalignment/print_misalignment_0174.png,print_misalignment,5,synth,0.25,43,train
train/print_misalignment/print_misalignment_0175.png,print_misalignment,5,synth,0.4,43,train
train/print_misalignment/print_misalignment_0176.png,print_misalignment,5,synth,0.55,43,train
train/print_misalignment/print_misalignment_0177.png,print_misalignment,5,synth,0.7,43,train
train/print_misalignment/print_misalignment_0178.png,print_misalignment,5,synth,0.85,43,train
train/print_misalignment/print_misalignment_0179.png,print_misalignment,5,synth,1.0,43,train
train/print_misalignment/print_misalignment_0180.png,print_misalignment,5,synth,0.25,43,train
train/print_misalignment/print_misalignment_0181.png,print_misalignment,5,synth,0.4,43,train
train/print_misalignment/print_misalignment_0182.png,print_misalignment,5,synth,0.55,43,train
train/print_misalignment/print_misalignment_0183.png,print_misalignment,5,synth,0.7,43,train
train/print_misalignment/print_misalignment_0184.png,print_misalignment,5,synth,0.85,43,train
train/print_misalignment/print_misalignment_0185.png,print_misalignment,5,synth,1.0,43,train
train/print_misalignment/print_misalignment_0186.png,print_misalignment,5,synth,0.25,43,train
train/print_misalignment/print_misalignment_0187.png,print_misalignment,5,synth,0.4,43,train
train/print_misalignment/print_misalignment_0188.png,print_misalignment,5,synth,0.55,43,train
train/print_misalignment/print_misalignment_0189.png,print_misalignment,5,synth,0.7,43,train
train/print_misalignment/print_misalignment_0190.png,print_misalignment,5,synth,0.85,43,train
train/print_misalignment/print_misalignment_0191.png,print_misalignment,5,synth,1.0,43,train
train/print_misalignment/print_misalignment_0192.png,print_misalignment,5,synth,0.25,43,train
train/print_misalignment/print_misalignment_0193.png,print_misalignment,5,synth,0.4,43,train
train/print_misalignment/print_misalignment_0194.png,print_misalignment,5,synth,0.55,43,train
train/print_misalignment/print_misalignment_0195.png,print_misalignment,5,synth,0.7,43,train
train/print_misalignment/print_misalignment_0196.png,print_misalignment,5,synth,0.85,43,train
train/print_misalignment/print_misalignment_0197.png,print_misalignment,5,synth,1.0,43,train
train/print_misalignment/print_misalignment_0198.png,print_misalignment,5,synth,0.25,43,train
train/print_misalignment/print_misalignment_0199.png,print_misalignment,5,synth,0.4,43,train
train/print_misalignment/print_misalignment_0200.png,print_misalignment,5,synth,0.55,43,train
train/print_misalignment/print_misalignment_0201.png,print_misalignment,5,synth,0.7,43,train
train/print_misalignment/print_misalignment_0202.png,print_misalignment,5,synth,0.85,43,train
train/print_misalignment/print_misalignment_0203.png,print_misalignment,5,synth,1.0,43,train
train/print_misalignment/print_misalignment_0204.png,print_misalignment,5,synth,0.25,43,train
train/print_misalignment/print_misalignment_0205.png,print_misalignment,5,synth,0.4,43,train
train/print_misalignment/print_misalignment_0206.png,print_misalignment,5,synth,0.55,43,train
train/print_misalignment/print_misalignment_0207.png,print_misalignment,5,synth,0.7,43,train
train/print_misalignment/print_misalignment_0208.png,print_misalignment,5,synth,0.85,43,train
train/print_misalignment/print_misalignment_0209.png,print_misalignment,5,synth,1.0,43,train
train/print_misalignment/print_misalignment_0210.png,print_misalignment,5,synth,0.25,43,train
train/print_misalignment/print_misalignment_0211.png,print_misalignment,5,synth,0.4,43,train
train/print_misalignment/print_misalignment_0212.png,print_misalignment,5,synth,0.55,43,train
train/print_misalignment/print_misalignment_0213.png,print_misalignment,5,synth,0.7,43,train
train/print_misalignment/print_misalignment_0214.png,print_misalignment,5,synth,0.85,43,train
train/print_misalignment/print_misalignment_0215.png,print_misalignment,5,synth,1.0,43,train
train/print_misalignment/print_misalignment_0216.png,print_misalignment,5,synth,0.25,43,train
train/print_misalignment/print_misalignment_0217.png,print_misalignment,5,synth,0.4,43,train
train/print_misalignment/print_misalignment_0218.png,print_misalignment,5,synth,0.55,43,train
train/print_misalignment/print_misalignment_0219.png,print_misalignment,5,synth,0.7,43,train
train/print_misalignment/print_misalignment_0220.png,print_misalignment,5,synth,0.85,43,train
train/print_misalignment/print_misalignment_0221.png,print_misalignment,5,synth,1.0,43,train
train/print_misalignment/print_misalignment_0222.png,print_misalignment,5,synth,0.25,43,train
train/print_misalignment/print_misalignment_0223.png,print_misalignment,5,synth,0.4,43,train
train/print_misalignment/print_misalignment_0224.png,print_misalignment,5,synth,0.55,43,train
train/print_misalignment/print_misalignment_0225.png,print_misalignment,5,synth,0.7,43,train
train/print_misalignment/print_misalignment_0226.png,print_misalignment,5,synth,0.85,43,train
train/print_misalignment/print_misalignment_0227.png,print_misalignment,5,synth,1.0,43,train
train/print_misalignment/print_misalignment_0228.png,print_misalignment,5,synth,0.25,43,train
train/print_misalignment/print_misalignment_0229.png,print_misalignment,5,synth,0.4,43,train
train/print_misalignment/print_misalignment_0230.png,print_misalignment,5,synth,0.55,43,train
train/print_misalignment/print_misalignment_0231.png,print_misalignment,5,synth,0.7,43,train
train/print_misalignment/print_misalignment_0232.png,print_misalignment,5,synth,0.85,43,train
train/print_misalignment/print_misalignment_0233.png,print_misalignment,5,synth,1.0,43,train
train/print_misalignment/print_misalignment_0234.png,print_misalignment,5,synth,0.25,43,train
train/print_misalignment/print_misalignment_0235.png,print_misalignment,5,synth,0.4,43,train
train/print_misalignment/print_misalignment_0236.png,print_misalignment,5,synth,0.55,43,train
train/print_misalignment/print_misalignment_0237.png,print_misalignment,5,synth,0.7,43,train
train/print_misalignment/print_misalignment_0238.png,print_misalignment,5,synth,0.85,43,train
train/print_misalignment/print_misalignment_0239.png,print_misalignment,5,synth,1.0,43,train
train/print_misalignment/print_misalignment_0240.png,print_misalignment,5,synth,0.25,43,train
train/print_misalignment/print_misalignment_0241.png,print_misalignment,5,synth,0.4,43,train
train/print_misalignment/print_misalignment_0242.png,print_misalignment,5,synth,0.55,43,train
train/print_misalignment/print_misalignment_0243.png,print_misalignment,5,synth,0.7,43,train
train/print_misalignment/print_misalignment_0244.png,print_misalignment,5,synth,0.85,43,train
train/print_misalignment/print_misalignment_0245.png,print_misalignment,5,synth,1.0,43,train
train/print_misalignment/print_misalignment_0246.png,print_misalignment,5,synth,0.25,43,train
train/print_misalignment/print_misalignment_0247.png,print_misalignment,5,synth,0.4,43,train
train/print_misalignment/print_misalignment_0248.png,print_misalignment,5,synth,0.55,43,train
train/print_misalignment/print_misalignment_0249.png,print_misalignment,5,synth,0.7,43,train
train/print_misalignment/print_misalignment_0250.png,print_misalignment,5,synth,0.85,43,train
train/print_misalignment/print_misalignment_0251.png,print_misalignment,5,synth,1.0,43,train
train/print_misalignment/print_misalignment_0252.png,print_misalignment,5,synth,0.25,43,train
train/print_misalignment/print_misalignment_0253.png,print_misalignment,5,synth,0.4,43,train
train/print_misalignment/print_misalignment_0254.png,print_misalignment,5,synth,0.55,43,train
train/print_misalignment/print_misalignment_0255.png,print_misalignment,5,synth,0.7,43,train
train/print_misalignment/print_misalignment_0256.png,print_misalignment,5,synth,0.85,43,train
train/print_misalignment/print_misalignment_0257.png,print_misalignment,5,synth,1.0,43,train
train/print_misalignment/print_misalignment_0258.png,print_misalignment,5,synth,0.25,43,train
train/print_misalignment/print_misalignment_0259.png,print_misalignment,5,synth,0.4,43,train
train/print_misalignment/print_misalignment_0260.png,print_misalignment,5,synth,0.55,43,train
train/print_misalignment/print_misalignment_0261.png,print_misalignment,5,synth,0.7,43,train
train/print_misalignment/print_misalignment_0262.png,print_misalignment,5,synth,0.85,43,train
train/print_misalignment/print_misalignment_0263.png,print_misalignment,5,synth,1.0,43,train
train/print_misalignment/print_misalignment_0264.png,print_misalignment,5,synth,0.25,43,train
train/print_misalignment/print_misalignment_0265.png,print_misalignment,5,synth,0.4,43,train
train/print_misalignment/print_misalignment_0266.png,print_misalignment,5,synth,0.55,43,train
train/print_misalignment/print_misalignment_0267.png,print_misalignment,5,synth,0.7,43,train
train/print_misalignment/print_misalignment_0268.png,print_misalignment,5,synth,0.85,43,train
train/print_misalignment/print_misalignment_0269.png,print_misalignment,5,synth,1.0,43,train
train/print_misalignment/print_misalignment_0270.png,print_misalignment,5,synth,0.25,43,train
train/print_misalignment/print_misalignment_0271.png,print_misalignment,5,synth,0.4,43,train
train/print_misalignment/print_misalignment_0272.png,print_misalignment,5,synth,0.55,43,train
train/print_misalignment/print_misalignment_0273.png,print_misalignment,5,synth,0.7,43,train
train/print_misalignment/print_misalignment_0274.png,print_misalignment,5,synth,0.85,43,train
train/print_misalignment/print_misalignment_0275.png,print_misalignment,5,synth,1.0,43,train
train/print_misalignment/print_misalignment_0276.png,print_misalignment,5,synth,0.25,43,train
train/print_misalignment/print_misalignment_0277.png,print_misalignment,5,synth,0.4,43,train
train/print_misalignment/print_misalignment_0278.png,print_misalignment,5,synth,0.55,43,train
train/print_misalignment/print_misalignment_0279.png,print_misalignment,5,synth,0.7,43,train
train/print_misalignment/print_misalignment_0280.png,print_misalignment,5,synth,0.85,43,train
train/print_misalignment/print_misalignment_0281.png,print_misalignment,5,synth,1.0,43,train
train/print_misalignment/print_misalignment_0282.png,print_misalignment,5,synth,0.25,43,train
train/print_misalignment/print_misalignment_0283.png,print_misalignment,5,synth,0.4,43,train
train/print_misalignment/print_misalignment_0284.png,print_misalignment,5,synth,0.55,43,train
train/print_misalignment/print_misalignment_0285.png,print_misalignment,5,synth,0.7,43,train
train/print_misalignment/print_misalignment_0286.png,print_misalignment,5,synth,0.85,43,train
train/print_misalignment/print_misalignment_0287.png,print_misalignment,5,synth,1.0,43,train
train/print_misalignment/print_misalignment_0288.png,print_misalignment,5,synth,0.25,43,train
train/print_misalignment/print_misalignment_0289.png,print_misalignment,5,synth,0.4,43,train
train/print_misalignment/print_misalignment_0290.png,print_misalignment,5,synth,0.55,43,train
train/print_misalignment/print_misalignment_0291.png,print_misalignment,5,synth,0.7,43,train
train/print_misalignment/print_misalignment_0292.png,print_misalignment,5,synth,0.85,43,train
train/print_misalignment/print_misalignment_0293.png,print_misalignment,5,synth,1.0,43,train
train/print_misalignment/print_misalignment_0294.png,print_misalignment,5,synth,0.25,43,train
train/print_misalignment/print_misalignment_0295.png,print_misalignment,5,synth,0.4,43,train
train/print_misalignment/print_misalignment_0296.png,print_misalignment,5,synth,0.55,43,train
train/print_misalignment/print_misalignment_0297.png,print_misalignment,5,synth,0.7,43,train
train/print_misalignment/print_misalignment_0298.png,print_misalignment,5,synth,0.85,43,train
train/print_misalignment/print_misalignment_0299.png,print_misalignment,5,synth,1.0,43,train
train/print_misalignment/print_misalignment_0300.png,print_misalignment,5,synth,0.25,43,train
train/print_misalignment/print_misalignment_0301.png,print_misalignment,5,synth,0.4,43,train
train/print_misalignment/print_misalignment_0302.png,print_misalignment,5,synth,0.55,43,train
train/print_misalignment/print_misalignment_0303.png,print_misalignment,5,synth,0.7,43,train
train/print_misalignment/print_misalignment_0304.png,print_misalignment,5,synth,0.85,43,train
train/print_misalignment/print_misalignment_0305.png,print_misalignment,5,synth,1.0,43,train
train/print_misalignment/print_misalignment_0306.png,print_misalignment,5,synth,0.25,43,train
train/print_misalignment/print_misalignment_0307.png,print_misalignment,5,synth,0.4,43,train
train/print_misalignment/print_misalignment_0308.png,print_misalignment,5,synth,0.55,43,train
train/print_misalignment/print_misalignment_0309.png,print_misalignment,5,synth,0.7,43,train
train/print_misalignment/print_misalignment_0310.png,print_misalignment,5,synth,0.85,43,train
train/print_misalignment/print_misalignment_0311.png,print_misalignment,5,synth,1.0,43,train
train/print_misalignment/print_misalignment_0312.png,print_misalignment,5,synth,0.25,43,train
train/print_misalignment/print_misalignment_0313.png,print_misalignment,5,synth,0.4,43,train
train/print_misalignment/print_misalignment_0314.png,print_misalignment,5,synth,0.55,43,train
train/print_misalignment/print_misalignment_0315.png,print_misalignment,5,synth,0.7,43,train
train/print_misalignment/print_misalignment_0316.png,print_misalignment,5,synth,0.85,43,train
train/print_misalignment/print_misalignment_0317.png,print_misalignment,5,synth,1.0,43,train
train/print_misalignment/print_misalignment_0318.png,print_misalignment,5,synth,0.25,43,train
train/print_misalignment/print_misalignment_0319.png,print_misalignment,5,synth,0.4,43,train
train/print_misalignment/print_misalignment_0320.png,print_misalignment,5,synth,0.55,43,train
train/print_misalignment/print_misalignment_0321.png,print_misalignment,5,synth,0.7,43,train
train/print_misalignment/print_misalignment_0322.png,print_misalignment,5,synth,0.85,43,train
train/print_misalignment/print_misalignment_0323.png,print_misalignment,5,synth,1.0,43,train
train/print_misalignment/print_misalignment_0324.png,print_misalignment,5,synth,0.25,43,train
train/print_misalignment/print_misalignment_0325.png,print_misalignment,5,synth,0.4,43,train
train/print_misalignment/print_misalignment_0326.png,print_misalignment,5,synth,0.55,43,train
train/print_misalignment/print_misalignment_0327.png,print_misalignment,5,synth,0.7,43,train
train/print_misalignment/print_misalignment_0328.png,print_misalignment,5,synth,0.85,43,train
train/print_misalignment/print_misalignment_0329.png,print_misalignment,5,synth,1.0,43,train
train/print_misalignment/print_misalignment_0330.png,print_misalignment,5,synth,0.25,43,train
train/print_misalignment/print_misalignment_0331.png,print_misalignment,5,synth,0.4,43,train
train/print_misalignment/print_misalignment_0332.png,print_misalignment,5,synth,0.55,43,train
train/print_misalignment/print_misalignment_0333.png,print_misalignment,5,synth,0.7,43,train
train/print_misalignment/print_misalignment_0334.png,print_misalignment,5,synth,0.85,43,train
train/print_misalignment/print_misalignment_0335.png,print_misalignment,5,synth,1.0,43,train
train/print_misalignment/print_misalignment_0336.png,print_misalignment,5,synth,0.25,43,train
train/print_misalignment/print_misalignment_0337.png,print_misalignment,5,synth,0.4,43,train
train/print_misalignment/print_misalignment_0338.png,print_misalignment,5,synth,0.55,43,train
train/print_misalignment/print_misalignment_0339.png,print_misalignment,5,synth,0.7,43,train
train/print_misalignment/print_misalignment_0340.png,print_misalignment,5,synth,0.85,43,train
train/print_misalignment/print_misalignment_0341.png,print_misalignment,5,synth,1.0,43,train
train/print_misalignment/print_misalignment_0342.png,print_misalignment,5,synth,0.25,43,train
train/print_misalignment/print_misalignment_0343.png,print_misalignment,5,synth,0.4,43,train
train/print_misalignment/print_misalignment_0344.png,print_misalignment,5,synth,0.55,43,train
train/print_misalignment/print_misalignment_0345.png,print_misalignment,5,synth,0.7,43,train
train/print_misalignment/print_misalignment_0346.png,print_misalignment,5,synth,0.85,43,train
train/print_misalignment/print_misalignment_0347.png,print_misalignment,5,synth,1.0,43,train
train/print_misalignment/print_misalignment_0348.png,print_misalignment,5,synth,0.25,43,train
train/print_misalignment/print_misalignment_0349.png,print_misalignment,5,synth,0.4,43,train
val/ok/ok_0000.png,ok,0,synth,0.0,44,val
val/ok/ok_0001.png,ok,0,synth,0.0,44,val
val/ok/ok_0002.png,ok,0,synth,0.0,44,val
val/ok/ok_0003.png,ok,0,synth,0.0,44,val
val/ok/ok_0004.png,ok,0,synth,0.0,44,val
val/ok/ok_0005.png,ok,0,synth,0.0,44,val
val/ok/ok_0006.png,ok,0,synth,0.0,44,val
val/ok/ok_0007.png,ok,0,synth,0.0,44,val
val/ok/ok_0008.png,ok,0,synth,0.0,44,val
val/ok/ok_0009.png,ok,0,synth,0.0,44,val
val/ok/ok_0010.png,ok,0,synth,0.0,44,val
val/ok/ok_0011.png,ok,0,synth,0.0,44,val
val/ok/ok_0012.png,ok,0,synth,0.0,44,val
val/ok/ok_0013.png,ok,0,synth,0.0,44,val
val/ok/ok_0014.png,ok,0,synth,0.0,44,val
val/ok/ok_0015.png,ok,0,synth,0.0,44,val
val/ok/ok_0016.png,ok,0,synth,0.0,44,val
val/ok/ok_0017.png,ok,0,synth,0.0,44,val
val/ok/ok_0018.png,ok,0,synth,0.0,44,val
val/ok/ok_0019.png,ok,0,synth,0.0,44,val
val/ok/ok_0020.png,ok,0,synth,0.0,44,val
val/ok/ok_0021.png,ok,0,synth,0.0,44,val
val/ok/ok_0022.png,ok,0,synth,0.0,44,val
val/ok/ok_0023.png,ok,0,synth,0.0,44,val
val/ok/ok_0024.png,ok,0,synth,0.0,44,val
val/ok/ok_0025.png,ok,0,synth,0.0,44,val
val/ok/ok_0026.png,ok,0,synth,0.0,44,val
val/ok/ok_0027.png,ok,0,synth,0.0,44,val
val/ok/ok_0028.png,ok,0,synth,0.0,44,val
val/ok/ok_0029.png,ok,0,synth,0.0,44,val
val/ok/ok_0030.png,ok,0,synth,0.0,44,val
val/ok/ok_0031.png,ok,0,synth,0.0,44,val
val/ok/ok_0032.png,ok,0,synth,0.0,44,val
val/ok/ok_0033.png,ok,0,synth,0.0,44,val
val/ok/ok_0034.png,ok,0,synth,0.0,44,val
val/ok/ok_0035.png,ok,0,synth,0.0,44,val
val/ok/ok_0036.png,ok,0,synth,0.0,44,val
val/ok/ok_0037.png,ok,0,synth,0.0,44,val
val/ok/ok_0038.png,ok,0,synth,0.0,44,val
val/ok/ok_0039.png,ok,0,synth,0.0,44,val
val/ok/ok_0040.png,ok,0,synth,0.0,44,val
val/ok/ok_0041.png,ok,0,synth,0.0,44,val
val/ok/ok_0042.png,ok,0,synth,0.0,44,val
val/ok/ok_0043.png,ok,0,synth,0.0,44,val
val/ok/ok_0044.png,ok,0,synth,0.0,44,val
val/ok/ok_0045.png,ok,0,synth,0.0,44,val
val/ok/ok_0046.png,ok,0,synth,0.0,44,val
val/ok/ok_0047.png,ok,0,synth,0.0,44,val
val/ok/ok_0048.png,ok,0,synth,0.0,44,val
val/ok/ok_0049.png,ok,0,synth,0.0,44,val
val/ok/ok_0050.png,ok,0,synth,0.0,44,val
val/ok/ok_0051.png,ok,0,synth,0.0,44,val
val/ok/ok_0052.png,ok,0,synth,0.0,44,val
val/ok/ok_0053.png,ok,0,synth,0.0,44,val
val/ok/ok_0054.png,ok,0,synth,0.0,44,val
val/ok/ok_0055.png,ok,0,synth,0.0,44,val
val/ok/ok_0056.png,ok,0,synth,0.0,44,val
val/ok/ok_0057.png,ok,0,synth,0.0,44,val
val/ok/ok_0058.png,ok,0,synth,0.0,44,val
val/ok/ok_0059.png,ok,0,synth,0.0,44,val
val/ok/ok_0060.png,ok,0,synth,0.0,44,val
val/ok/ok_0061.png,ok,0,synth,0.0,44,val
val/ok/ok_0062.png,ok,0,synth,0.0,44,val
val/ok/ok_0063.png,ok,0,synth,0.0,44,val
val/ok/ok_0064.png,ok,0,synth,0.0,44,val
val/ok/ok_0065.png,ok,0,synth,0.0,44,val
val/ok/ok_0066.png,ok,0,synth,0.0,44,val
val/ok/ok_0067.png,ok,0,synth,0.0,44,val
val/ok/ok_0068.png,ok,0,synth,0.0,44,val
val/ok/ok_0069.png,ok,0,synth,0.0,44,val
val/ok/ok_0070.png,ok,0,synth,0.0,44,val
val/ok/ok_0071.png,ok,0,synth,0.0,44,val
val/ok/ok_0072.png,ok,0,synth,0.0,44,val
val/ok/ok_0073.png,ok,0,synth,0.0,44,val
val/ok/ok_0074.png,ok,0,synth,0.0,44,val
val/hole/hole_0000.png,hole,1,synth,0.25,44,val
val/hole/hole_0001.png,hole,1,synth,0.4,44,val
val/hole/hole_0002.png,hole,1,synth,0.55,44,val
val/hole/hole_0003.png,hole,1,synth,0.7,44,val
val/hole/hole_0004.png,hole,1,synth,0.85,44,val
val/hole/hole_0005.png,hole,1,synth,1.0,44,val
val/hole/hole_0006.png,hole,1,synth,0.25,44,val
val/hole/hole_0007.png,hole,1,synth,0.4,44,val
val/hole/hole_0008.png,hole,1,synth,0.55,44,val
val/hole/hole_0009.png,hole,1,synth,0.7,44,val
val/hole/hole_0010.png,hole,1,synth,0.85,44,val
val/hole/hole_0011.png,hole,1,synth,1.0,44,val
val/hole/hole_0012.png,hole,1,synth,0.25,44,val
val/hole/hole_0013.png,hole,1,synth,0.4,44,val
val/hole/hole_0014.png,hole,1,synth,0.55,44,val
val/hole/hole_0015.png,hole,1,synth,0.7,44,val
val/hole/hole_0016.png,hole,1,synth,0.85,44,val
val/hole/hole_0017.png,hole,1,synth,1.0,44,val
val/hole/hole_0018.png,hole,1,synth,0.25,44,val
val/hole/hole_0019.png,hole,1,synth,0.4,44,val
val/hole/hole_0020.png,hole,1,synth,0.55,44,val
val/hole/hole_0021.png,hole,1,synth,0.7,44,val
val/hole/hole_0022.png,hole,1,synth,0.85,44,val
val/hole/hole_0023.png,hole,1,synth,1.0,44,val
val/hole/hole_0024.png,hole,1,synth,0.25,44,val
val/hole/hole_0025.png,hole,1,synth,0.4,44,val
val/hole/hole_0026.png,hole,1,synth,0.55,44,val
val/hole/hole_0027.png,hole,1,synth,0.7,44,val
val/hole/hole_0028.png,hole,1,synth,0.85,44,val
val/hole/hole_0029.png,hole,1,synth,1.0,44,val
val/hole/hole_0030.png,hole,1,synth,0.25,44,val
val/hole/hole_0031.png,hole,1,synth,0.4,44,val
val/hole/hole_0032.png,hole,1,synth,0.55,44,val
val/hole/hole_0033.png,hole,1,synth,0.7,44,val
val/hole/hole_0034.png,hole,1,synth,0.85,44,val
val/hole/hole_0035.png,hole,1,synth,1.0,44,val
val/hole/hole_0036.png,hole,1,synth,0.25,44,val
val/hole/hole_0037.png,hole,1,synth,0.4,44,val
val/hole/hole_0038.png,hole,1,synth,0.55,44,val
val/hole/hole_0039.png,hole,1,synth,0.7,44,val
val/hole/hole_0040.png,hole,1,synth,0.85,44,val
val/hole/hole_0041.png,hole,1,synth,1.0,44,val
val/hole/hole_0042.png,hole,1,synth,0.25,44,val
val/hole/hole_0043.png,hole,1,synth,0.4,44,val
val/hole/hole_0044.png,hole,1,synth,0.55,44,val
val/hole/hole_0045.png,hole,1,synth,0.7,44,val
val/hole/hole_0046.png,hole,1,synth,0.85,44,val
val/hole/hole_0047.png,hole,1,synth,1.0,44,val
val/hole/hole_0048.png,hole,1,synth,0.25,44,val
val/hole/hole_0049.png,hole,1,synth,0.4,44,val
val/hole/hole_0050.png,hole,1,synth,0.55,44,val
val/hole/hole_0051.png,hole,1,synth,0.7,44,val
val/hole/hole_0052.png,hole,1,synth,0.85,44,val
val/hole/hole_0053.png,hole,1,synth,1.0,44,val
val/hole/hole_0054.png,hole,1,synth,0.25,44,val
val/hole/hole_0055.png,hole,1,synth,0.4,44,val
val/hole/hole_0056.png,hole,1,synth,0.55,44,val
val/hole/hole_0057.png,hole,1,synth,0.7,44,val
val/hole/hole_0058.png,hole,1,synth,0.85,44,val
val/hole/hole_0059.png,hole,1,synth,1.0,44,val
val/hole/hole_0060.png,hole,1,synth,0.25,44,val
val/hole/hole_0061.png,hole,1,synth,0.4,44,val
val/hole/hole_0062.png,hole,1,synth,0.55,44,val
val/hole/hole_0063.png,hole,1,synth,0.7,44,val
val/hole/hole_0064.png,hole,1,synth,0.85,44,val
val/hole/hole_0065.png,hole,1,synth,1.0,44,val
val/hole/hole_0066.png,hole,1,synth,0.25,44,val
val/hole/hole_0067.png,hole,1,synth,0.4,44,val
val/hole/hole_0068.png,hole,1,synth,0.55,44,val
val/hole/hole_0069.png,hole,1,synth,0.7,44,val
val/hole/hole_0070.png,hole,1,synth,0.85,44,val
val/hole/hole_0071.png,hole,1,synth,1.0,44,val
val/hole/hole_0072.png,hole,1,synth,0.25,44,val
val/hole/hole_0073.png,hole,1,synth,0.4,44,val
val/hole/hole_0074.png,hole,1,synth,0.55,44,val
val/stain/stain_0000.png,stain,2,synth,0.25,44,val
val/stain/stain_0001.png,stain,2,synth,0.4,44,val
val/stain/stain_0002.png,stain,2,synth,0.55,44,val
val/stain/stain_0003.png,stain,2,synth,0.7,44,val
val/stain/stain_0004.png,stain,2,synth,0.85,44,val
val/stain/stain_0005.png,stain,2,synth,1.0,44,val
val/stain/stain_0006.png,stain,2,synth,0.25,44,val
val/stain/stain_0007.png,stain,2,synth,0.4,44,val
val/stain/stain_0008.png,stain,2,synth,0.55,44,val
val/stain/stain_0009.png,stain,2,synth,0.7,44,val
val/stain/stain_0010.png,stain,2,synth,0.85,44,val
val/stain/stain_0011.png,stain,2,synth,1.0,44,val
val/stain/stain_0012.png,stain,2,synth,0.25,44,val
val/stain/stain_0013.png,stain,2,synth,0.4,44,val
val/stain/stain_0014.png,stain,2,synth,0.55,44,val
val/stain/stain_0015.png,stain,2,synth,0.7,44,val
val/stain/stain_0016.png,stain,2,synth,0.85,44,val
val/stain/stain_0017.png,stain,2,synth,1.0,44,val
val/stain/stain_0018.png,stain,2,synth,0.25,44,val
val/stain/stain_0019.png,stain,2,synth,0.4,44,val
val/stain/stain_0020.png,stain,2,synth,0.55,44,val
val/stain/stain_0021.png,stain,2,synth,0.7,44,val
val/stain/stain_0022.png,stain,2,synth,0.85,44,val
val/stain/stain_0023.png,stain,2,synth,1.0,44,val
val/stain/stain_0024.png,stain,2,synth,0.25,44,val
val/stain/stain_0025.png,stain,2,synth,0.4,44,val
val/stain/stain_0026.png,stain,2,synth,0.55,44,val
val/stain/stain_0027.png,stain,2,synth,0.7,44,val
val/stain/stain_0028.png,stain,2,synth,0.85,44,val
val/stain/stain_0029.png,stain,2,synth,1.0,44,val
val/stain/stain_0030.png,stain,2,synth,0.25,44,val
val/stain/stain_0031.png,stain,2,synth,0.4,44,val
val/stain/stain_0032.png,stain,2,synth,0.55,44,val
val/stain/stain_0033.png,stain,2,synth,0.7,44,val
val/stain/stain_0034.png,stain,2,synth,0.85,44,val
val/stain/stain_0035.png,stain,2,synth,1.0,44,val
val/stain/stain_0036.png,stain,2,synth,0.25,44,val
val/stain/stain_0037.png,stain,2,synth,0.4,44,val
val/stain/stain_0038.png,stain,2,synth,0.55,44,val
val/stain/stain_0039.png,stain,2,synth,0.7,44,val
val/stain/stain_0040.png,stain,2,synth,0.85,44,val
val/stain/stain_0041.png,stain,2,synth,1.0,44,val
val/stain/stain_0042.png,stain,2,synth,0.25,44,val
val/stain/stain_0043.png,stain,2,synth,0.4,44,val
val/stain/stain_0044.png,stain,2,synth,0.55,44,val
val/stain/stain_0045.png,stain,2,synth,0.7,44,val
val/stain/stain_0046.png,stain,2,synth,0.85,44,val
val/stain/stain_0047.png,stain,2,synth,1.0,44,val
val/stain/stain_0048.png,stain,2,synth,0.25,44,val
val/stain/stain_0049.png,stain,2,synth,0.4,44,val
val/stain/stain_0050.png,stain,2,synth,0.55,44,val
val/stain/stain_0051.png,stain,2,synth,0.7,44,val
val/stain/stain_0052.png,stain,2,synth,0.85,44,val
val/stain/stain_0053.png,stain,2,synth,1.0,44,val
val/stain/stain_0054.png,stain,2,synth,0.25,44,val
val/stain/stain_0055.png,stain,2,synth,0.4,44,val
val/stain/stain_0056.png,stain,2,synth,0.55,44,val
val/stain/stain_0057.png,stain,2,synth,0.7,44,val
val/stain/stain_0058.png,stain,2,synth,0.85,44,val
val/stain/stain_0059.png,stain,2,synth,1.0,44,val
val/stain/stain_0060.png,stain,2,synth,0.25,44,val
val/stain/stain_0061.png,stain,2,synth,0.4,44,val
val/stain/stain_0062.png,stain,2,synth,0.55,44,val
val/stain/stain_0063.png,stain,2,synth,0.7,44,val
val/stain/stain_0064.png,stain,2,synth,0.85,44,val
val/stain/stain_0065.png,stain,2,synth,1.0,44,val
val/stain/stain_0066.png,stain,2,synth,0.25,44,val
val/stain/stain_0067.png,stain,2,synth,0.4,44,val
val/stain/stain_0068.png,stain,2,synth,0.55,44,val
val/stain/stain_0069.png,stain,2,synth,0.7,44,val
val/stain/stain_0070.png,stain,2,synth,0.85,44,val
val/stain/stain_0071.png,stain,2,synth,1.0,44,val
val/stain/stain_0072.png,stain,2,synth,0.25,44,val
val/stain/stain_0073.png,stain,2,synth,0.4,44,val
val/stain/stain_0074.png,stain,2,synth,0.55,44,val
val/broken_thread/broken_thread_0000.png,broken_thread,3,synth,0.25,44,val
val/broken_thread/broken_thread_0001.png,broken_thread,3,synth,0.4,44,val
val/broken_thread/broken_thread_0002.png,broken_thread,3,synth,0.55,44,val
val/broken_thread/broken_thread_0003.png,broken_thread,3,synth,0.7,44,val
val/broken_thread/broken_thread_0004.png,broken_thread,3,synth,0.85,44,val
val/broken_thread/broken_thread_0005.png,broken_thread,3,synth,1.0,44,val
val/broken_thread/broken_thread_0006.png,broken_thread,3,synth,0.25,44,val
val/broken_thread/broken_thread_0007.png,broken_thread,3,synth,0.4,44,val
val/broken_thread/broken_thread_0008.png,broken_thread,3,synth,0.55,44,val
val/broken_thread/broken_thread_0009.png,broken_thread,3,synth,0.7,44,val
val/broken_thread/broken_thread_0010.png,broken_thread,3,synth,0.85,44,val
val/broken_thread/broken_thread_0011.png,broken_thread,3,synth,1.0,44,val
val/broken_thread/broken_thread_0012.png,broken_thread,3,synth,0.25,44,val
val/broken_thread/broken_thread_0013.png,broken_thread,3,synth,0.4,44,val
val/broken_thread/broken_thread_0014.png,broken_thread,3,synth,0.55,44,val
val/broken_thread/broken_thread_0015.png,broken_thread,3,synth,0.7,44,val
val/broken_thread/broken_thread_0016.png,broken_thread,3,synth,0.85,44,val
val/broken_thread/broken_thread_0017.png,broken_thread,3,synth,1.0,44,val
val/broken_thread/broken_thread_0018.png,broken_thread,3,synth,0.25,44,val
val/broken_thread/broken_thread_0019.png,broken_thread,3,synth,0.4,44,val
val/broken_thread/broken_thread_0020.png,broken_thread,3,synth,0.55,44,val
val/broken_thread/broken_thread_0021.png,broken_thread,3,synth,0.7,44,val
val/broken_thread/broken_thread_0022.png,broken_thread,3,synth,0.85,44,val
val/broken_thread/broken_thread_0023.png,broken_thread,3,synth,1.0,44,val
val/broken_thread/broken_thread_0024.png,broken_thread,3,synth,0.25,44,val
val/broken_thread/broken_thread_0025.png,broken_thread,3,synth,0.4,44,val
val/broken_thread/broken_thread_0026.png,broken_thread,3,synth,0.55,44,val
val/broken_thread/broken_thread_0027.png,broken_thread,3,synth,0.7,44,val
val/broken_thread/broken_thread_0028.png,broken_thread,3,synth,0.85,44,val
val/broken_thread/broken_thread_0029.png,broken_thread,3,synth,1.0,44,val
val/broken_thread/broken_thread_0030.png,broken_thread,3,synth,0.25,44,val
val/broken_thread/broken_thread_0031.png,broken_thread,3,synth,0.4,44,val
val/broken_thread/broken_thread_0032.png,broken_thread,3,synth,0.55,44,val
val/broken_thread/broken_thread_0033.png,broken_thread,3,synth,0.7,44,val
val/broken_thread/broken_thread_0034.png,broken_thread,3,synth,0.85,44,val
val/broken_thread/broken_thread_0035.png,broken_thread,3,synth,1.0,44,val
val/broken_thread/broken_thread_0036.png,broken_thread,3,synth,0.25,44,val
val/broken_thread/broken_thread_0037.png,broken_thread,3,synth,0.4,44,val
val/broken_thread/broken_thread_0038.png,broken_thread,3,synth,0.55,44,val
val/broken_thread/broken_thread_0039.png,broken_thread,3,synth,0.7,44,val
val/broken_thread/broken_thread_0040.png,broken_thread,3,synth,0.85,44,val
val/broken_thread/broken_thread_0041.png,broken_thread,3,synth,1.0,44,val
val/broken_thread/broken_thread_0042.png,broken_thread,3,synth,0.25,44,val
val/broken_thread/broken_thread_0043.png,broken_thread,3,synth,0.4,44,val
val/broken_thread/broken_thread_0044.png,broken_thread,3,synth,0.55,44,val
val/broken_thread/broken_thread_0045.png,broken_thread,3,synth,0.7,44,val
val/broken_thread/broken_thread_0046.png,broken_thread,3,synth,0.85,44,val
val/broken_thread/broken_thread_0047.png,broken_thread,3,synth,1.0,44,val
val/broken_thread/broken_thread_0048.png,broken_thread,3,synth,0.25,44,val
val/broken_thread/broken_thread_0049.png,broken_thread,3,synth,0.4,44,val
val/broken_thread/broken_thread_0050.png,broken_thread,3,synth,0.55,44,val
val/broken_thread/broken_thread_0051.png,broken_thread,3,synth,0.7,44,val
val/broken_thread/broken_thread_0052.png,broken_thread,3,synth,0.85,44,val
val/broken_thread/broken_thread_0053.png,broken_thread,3,synth,1.0,44,val
val/broken_thread/broken_thread_0054.png,broken_thread,3,synth,0.25,44,val
val/broken_thread/broken_thread_0055.png,broken_thread,3,synth,0.4,44,val
val/broken_thread/broken_thread_0056.png,broken_thread,3,synth,0.55,44,val
val/broken_thread/broken_thread_0057.png,broken_thread,3,synth,0.7,44,val
val/broken_thread/broken_thread_0058.png,broken_thread,3,synth,0.85,44,val
val/broken_thread/broken_thread_0059.png,broken_thread,3,synth,1.0,44,val
val/broken_thread/broken_thread_0060.png,broken_thread,3,synth,0.25,44,val
val/broken_thread/broken_thread_0061.png,broken_thread,3,synth,0.4,44,val
val/broken_thread/broken_thread_0062.png,broken_thread,3,synth,0.55,44,val
val/broken_thread/broken_thread_0063.png,broken_thread,3,synth,0.7,44,val
val/broken_thread/broken_thread_0064.png,broken_thread,3,synth,0.85,44,val
val/broken_thread/broken_thread_0065.png,broken_thread,3,synth,1.0,44,val
val/broken_thread/broken_thread_0066.png,broken_thread,3,synth,0.25,44,val
val/broken_thread/broken_thread_0067.png,broken_thread,3,synth,0.4,44,val
val/broken_thread/broken_thread_0068.png,broken_thread,3,synth,0.55,44,val
val/broken_thread/broken_thread_0069.png,broken_thread,3,synth,0.7,44,val
val/broken_thread/broken_thread_0070.png,broken_thread,3,synth,0.85,44,val
val/broken_thread/broken_thread_0071.png,broken_thread,3,synth,1.0,44,val
val/broken_thread/broken_thread_0072.png,broken_thread,3,synth,0.25,44,val
val/broken_thread/broken_thread_0073.png,broken_thread,3,synth,0.4,44,val
val/broken_thread/broken_thread_0074.png,broken_thread,3,synth,0.55,44,val
val/shade_variation/shade_variation_0000.png,shade_variation,4,synth,0.25,44,val
val/shade_variation/shade_variation_0001.png,shade_variation,4,synth,0.4,44,val
val/shade_variation/shade_variation_0002.png,shade_variation,4,synth,0.55,44,val
val/shade_variation/shade_variation_0003.png,shade_variation,4,synth,0.7,44,val
val/shade_variation/shade_variation_0004.png,shade_variation,4,synth,0.85,44,val
val/shade_variation/shade_variation_0005.png,shade_variation,4,synth,1.0,44,val
val/shade_variation/shade_variation_0006.png,shade_variation,4,synth,0.25,44,val
val/shade_variation/shade_variation_0007.png,shade_variation,4,synth,0.4,44,val
val/shade_variation/shade_variation_0008.png,shade_variation,4,synth,0.55,44,val
val/shade_variation/shade_variation_0009.png,shade_variation,4,synth,0.7,44,val
val/shade_variation/shade_variation_0010.png,shade_variation,4,synth,0.85,44,val
val/shade_variation/shade_variation_0011.png,shade_variation,4,synth,1.0,44,val
val/shade_variation/shade_variation_0012.png,shade_variation,4,synth,0.25,44,val
val/shade_variation/shade_variation_0013.png,shade_variation,4,synth,0.4,44,val
val/shade_variation/shade_variation_0014.png,shade_variation,4,synth,0.55,44,val
val/shade_variation/shade_variation_0015.png,shade_variation,4,synth,0.7,44,val
val/shade_variation/shade_variation_0016.png,shade_variation,4,synth,0.85,44,val
val/shade_variation/shade_variation_0017.png,shade_variation,4,synth,1.0,44,val
val/shade_variation/shade_variation_0018.png,shade_variation,4,synth,0.25,44,val
val/shade_variation/shade_variation_0019.png,shade_variation,4,synth,0.4,44,val
val/shade_variation/shade_variation_0020.png,shade_variation,4,synth,0.55,44,val
val/shade_variation/shade_variation_0021.png,shade_variation,4,synth,0.7,44,val
val/shade_variation/shade_variation_0022.png,shade_variation,4,synth,0.85,44,val
val/shade_variation/shade_variation_0023.png,shade_variation,4,synth,1.0,44,val
val/shade_variation/shade_variation_0024.png,shade_variation,4,synth,0.25,44,val
val/shade_variation/shade_variation_0025.png,shade_variation,4,synth,0.4,44,val
val/shade_variation/shade_variation_0026.png,shade_variation,4,synth,0.55,44,val
val/shade_variation/shade_variation_0027.png,shade_variation,4,synth,0.7,44,val
val/shade_variation/shade_variation_0028.png,shade_variation,4,synth,0.85,44,val
val/shade_variation/shade_variation_0029.png,shade_variation,4,synth,1.0,44,val
val/shade_variation/shade_variation_0030.png,shade_variation,4,synth,0.25,44,val
val/shade_variation/shade_variation_0031.png,shade_variation,4,synth,0.4,44,val
val/shade_variation/shade_variation_0032.png,shade_variation,4,synth,0.55,44,val
val/shade_variation/shade_variation_0033.png,shade_variation,4,synth,0.7,44,val
val/shade_variation/shade_variation_0034.png,shade_variation,4,synth,0.85,44,val
val/shade_variation/shade_variation_0035.png,shade_variation,4,synth,1.0,44,val
val/shade_variation/shade_variation_0036.png,shade_variation,4,synth,0.25,44,val
val/shade_variation/shade_variation_0037.png,shade_variation,4,synth,0.4,44,val
val/shade_variation/shade_variation_0038.png,shade_variation,4,synth,0.55,44,val
val/shade_variation/shade_variation_0039.png,shade_variation,4,synth,0.7,44,val
val/shade_variation/shade_variation_0040.png,shade_variation,4,synth,0.85,44,val
val/shade_variation/shade_variation_0041.png,shade_variation,4,synth,1.0,44,val
val/shade_variation/shade_variation_0042.png,shade_variation,4,synth,0.25,44,val
val/shade_variation/shade_variation_0043.png,shade_variation,4,synth,0.4,44,val
val/shade_variation/shade_variation_0044.png,shade_variation,4,synth,0.55,44,val
val/shade_variation/shade_variation_0045.png,shade_variation,4,synth,0.7,44,val
val/shade_variation/shade_variation_0046.png,shade_variation,4,synth,0.85,44,val
val/shade_variation/shade_variation_0047.png,shade_variation,4,synth,1.0,44,val
val/shade_variation/shade_variation_0048.png,shade_variation,4,synth,0.25,44,val
val/shade_variation/shade_variation_0049.png,shade_variation,4,synth,0.4,44,val
val/shade_variation/shade_variation_0050.png,shade_variation,4,synth,0.55,44,val
val/shade_variation/shade_variation_0051.png,shade_variation,4,synth,0.7,44,val
val/shade_variation/shade_variation_0052.png,shade_variation,4,synth,0.85,44,val
val/shade_variation/shade_variation_0053.png,shade_variation,4,synth,1.0,44,val
val/shade_variation/shade_variation_0054.png,shade_variation,4,synth,0.25,44,val
val/shade_variation/shade_variation_0055.png,shade_variation,4,synth,0.4,44,val
val/shade_variation/shade_variation_0056.png,shade_variation,4,synth,0.55,44,val
val/shade_variation/shade_variation_0057.png,shade_variation,4,synth,0.7,44,val
val/shade_variation/shade_variation_0058.png,shade_variation,4,synth,0.85,44,val
val/shade_variation/shade_variation_0059.png,shade_variation,4,synth,1.0,44,val
val/shade_variation/shade_variation_0060.png,shade_variation,4,synth,0.25,44,val
val/shade_variation/shade_variation_0061.png,shade_variation,4,synth,0.4,44,val
val/shade_variation/shade_variation_0062.png,shade_variation,4,synth,0.55,44,val
val/shade_variation/shade_variation_0063.png,shade_variation,4,synth,0.7,44,val
val/shade_variation/shade_variation_0064.png,shade_variation,4,synth,0.85,44,val
val/shade_variation/shade_variation_0065.png,shade_variation,4,synth,1.0,44,val
val/shade_variation/shade_variation_0066.png,shade_variation,4,synth,0.25,44,val
val/shade_variation/shade_variation_0067.png,shade_variation,4,synth,0.4,44,val
val/shade_variation/shade_variation_0068.png,shade_variation,4,synth,0.55,44,val
val/shade_variation/shade_variation_0069.png,shade_variation,4,synth,0.7,44,val
val/shade_variation/shade_variation_0070.png,shade_variation,4,synth,0.85,44,val
val/shade_variation/shade_variation_0071.png,shade_variation,4,synth,1.0,44,val
val/shade_variation/shade_variation_0072.png,shade_variation,4,synth,0.25,44,val
val/shade_variation/shade_variation_0073.png,shade_variation,4,synth,0.4,44,val
val/shade_variation/shade_variation_0074.png,shade_variation,4,synth,0.55,44,val
val/print_misalignment/print_misalignment_0000.png,print_misalignment,5,synth,0.25,44,val
val/print_misalignment/print_misalignment_0001.png,print_misalignment,5,synth,0.4,44,val
val/print_misalignment/print_misalignment_0002.png,print_misalignment,5,synth,0.55,44,val
val/print_misalignment/print_misalignment_0003.png,print_misalignment,5,synth,0.7,44,val
val/print_misalignment/print_misalignment_0004.png,print_misalignment,5,synth,0.85,44,val
val/print_misalignment/print_misalignment_0005.png,print_misalignment,5,synth,1.0,44,val
val/print_misalignment/print_misalignment_0006.png,print_misalignment,5,synth,0.25,44,val
val/print_misalignment/print_misalignment_0007.png,print_misalignment,5,synth,0.4,44,val
val/print_misalignment/print_misalignment_0008.png,print_misalignment,5,synth,0.55,44,val
val/print_misalignment/print_misalignment_0009.png,print_misalignment,5,synth,0.7,44,val
val/print_misalignment/print_misalignment_0010.png,print_misalignment,5,synth,0.85,44,val
val/print_misalignment/print_misalignment_0011.png,print_misalignment,5,synth,1.0,44,val
val/print_misalignment/print_misalignment_0012.png,print_misalignment,5,synth,0.25,44,val
val/print_misalignment/print_misalignment_0013.png,print_misalignment,5,synth,0.4,44,val
val/print_misalignment/print_misalignment_0014.png,print_misalignment,5,synth,0.55,44,val
val/print_misalignment/print_misalignment_0015.png,print_misalignment,5,synth,0.7,44,val
val/print_misalignment/print_misalignment_0016.png,print_misalignment,5,synth,0.85,44,val
val/print_misalignment/print_misalignment_0017.png,print_misalignment,5,synth,1.0,44,val
val/print_misalignment/print_misalignment_0018.png,print_misalignment,5,synth,0.25,44,val
val/print_misalignment/print_misalignment_0019.png,print_misalignment,5,synth,0.4,44,val
val/print_misalignment/print_misalignment_0020.png,print_misalignment,5,synth,0.55,44,val
val/print_misalignment/print_misalignment_0021.png,print_misalignment,5,synth,0.7,44,val
val/print_misalignment/print_misalignment_0022.png,print_misalignment,5,synth,0.85,44,val
val/print_misalignment/print_misalignment_0023.png,print_misalignment,5,synth,1.0,44,val
val/print_misalignment/print_misalignment_0024.png,print_misalignment,5,synth,0.25,44,val
val/print_misalignment/print_misalignment_0025.png,print_misalignment,5,synth,0.4,44,val
val/print_misalignment/print_misalignment_0026.png,print_misalignment,5,synth,0.55,44,val
val/print_misalignment/print_misalignment_0027.png,print_misalignment,5,synth,0.7,44,val
val/print_misalignment/print_misalignment_0028.png,print_misalignment,5,synth,0.85,44,val
val/print_misalignment/print_misalignment_0029.png,print_misalignment,5,synth,1.0,44,val
val/print_misalignment/print_misalignment_0030.png,print_misalignment,5,synth,0.25,44,val
val/print_misalignment/print_misalignment_0031.png,print_misalignment,5,synth,0.4,44,val
val/print_misalignment/print_misalignment_0032.png,print_misalignment,5,synth,0.55,44,val
val/print_misalignment/print_misalignment_0033.png,print_misalignment,5,synth,0.7,44,val
val/print_misalignment/print_misalignment_0034.png,print_misalignment,5,synth,0.85,44,val
val/print_misalignment/print_misalignment_0035.png,print_misalignment,5,synth,1.0,44,val
val/print_misalignment/print_misalignment_0036.png,print_misalignment,5,synth,0.25,44,val
val/print_misalignment/print_misalignment_0037.png,print_misalignment,5,synth,0.4,44,val
val/print_misalignment/print_misalignment_0038.png,print_misalignment,5,synth,0.55,44,val
val/print_misalignment/print_misalignment_0039.png,print_misalignment,5,synth,0.7,44,val
val/print_misalignment/print_misalignment_0040.png,print_misalignment,5,synth,0.85,44,val
val/print_misalignment/print_misalignment_0041.png,print_misalignment,5,synth,1.0,44,val
val/print_misalignment/print_misalignment_0042.png,print_misalignment,5,synth,0.25,44,val
val/print_misalignment/print_misalignment_0043.png,print_misalignment,5,synth,0.4,44,val
val/print_misalignment/print_misalignment_0044.png,print_misalignment,5,synth,0.55,44,val
val/print_misalignment/print_misalignment_0045.png,print_misalignment,5,synth,0.7,44,val
val/print_misalignment/print_misalignment_0046.png,print_misalignment,5,synth,0.85,44,val
val/print_misalignment/print_misalignment_0047.png,print_misalignment,5,synth,1.0,44,val
val/print_misalignment/print_misalignment_0048.png,print_misalignment,5,synth,0.25,44,val
val/print_misalignment/print_misalignment_0049.png,print_misalignment,5,synth,0.4,44,val
val/print_misalignment/print_misalignment_0050.png,print_misalignment,5,synth,0.55,44,val
val/print_misalignment/print_misalignment_0051.png,print_misalignment,5,synth,0.7,44,val
val/print_misalignment/print_misalignment_0052.png,print_misalignment,5,synth,0.85,44,val
val/print_misalignment/print_misalignment_0053.png,print_misalignment,5,synth,1.0,44,val
val/print_misalignment/print_misalignment_0054.png,print_misalignment,5,synth,0.25,44,val
val/print_misalignment/print_misalignment_0055.png,print_misalignment,5,synth,0.4,44,val
val/print_misalignment/print_misalignment_0056.png,print_misalignment,5,synth,0.55,44,val
val/print_misalignment/print_misalignment_0057.png,print_misalignment,5,synth,0.7,44,val
val/print_misalignment/print_misalignment_0058.png,print_misalignment,5,synth,0.85,44,val
val/print_misalignment/print_misalignment_0059.png,print_misalignment,5,synth,1.0,44,val
val/print_misalignment/print_misalignment_0060.png,print_misalignment,5,synth,0.25,44,val
val/print_misalignment/print_misalignment_0061.png,print_misalignment,5,synth,0.4,44,val
val/print_misalignment/print_misalignment_0062.png,print_misalignment,5,synth,0.55,44,val
val/print_misalignment/print_misalignment_0063.png,print_misalignment,5,synth,0.7,44,val
val/print_misalignment/print_misalignment_0064.png,print_misalignment,5,synth,0.85,44,val
val/print_misalignment/print_misalignment_0065.png,print_misalignment,5,synth,1.0,44,val
val/print_misalignment/print_misalignment_0066.png,print_misalignment,5,synth,0.25,44,val
val/print_misalignment/print_misalignment_0067.png,print_misalignment,5,synth,0.4,44,val
val/print_misalignment/print_misalignment_0068.png,print_misalignment,5,synth,0.55,44,val
val/print_misalignment/print_misalignment_0069.png,print_misalignment,5,synth,0.7,44,val
val/print_misalignment/print_misalignment_0070.png,print_misalignment,5,synth,0.85,44,val
val/print_misalignment/print_misalignment_0071.png,print_misalignment,5,synth,1.0,44,val
val/print_misalignment/print_misalignment_0072.png,print_misalignment,5,synth,0.25,44,val
val/print_misalignment/print_misalignment_0073.png,print_misalignment,5,synth,0.4,44,val
val/print_misalignment/print_misalignment_0074.png,print_misalignment,5,synth,0.55,44,val
test/ok/ok_0000.png,ok,0,synth,0.0,45,test
test/ok/ok_0001.png,ok,0,synth,0.0,45,test
test/ok/ok_0002.png,ok,0,synth,0.0,45,test
test/ok/ok_0003.png,ok,0,synth,0.0,45,test
test/ok/ok_0004.png,ok,0,synth,0.0,45,test
test/ok/ok_0005.png,ok,0,synth,0.0,45,test
test/ok/ok_0006.png,ok,0,synth,0.0,45,test
test/ok/ok_0007.png,ok,0,synth,0.0,45,test
test/ok/ok_0008.png,ok,0,synth,0.0,45,test
test/ok/ok_0009.png,ok,0,synth,0.0,45,test
test/ok/ok_0010.png,ok,0,synth,0.0,45,test
test/ok/ok_0011.png,ok,0,synth,0.0,45,test
test/ok/ok_0012.png,ok,0,synth,0.0,45,test
test/ok/ok_0013.png,ok,0,synth,0.0,45,test
test/ok/ok_0014.png,ok,0,synth,0.0,45,test
test/ok/ok_0015.png,ok,0,synth,0.0,45,test
test/ok/ok_0016.png,ok,0,synth,0.0,45,test
test/ok/ok_0017.png,ok,0,synth,0.0,45,test
test/ok/ok_0018.png,ok,0,synth,0.0,45,test
test/ok/ok_0019.png,ok,0,synth,0.0,45,test
test/ok/ok_0020.png,ok,0,synth,0.0,45,test
test/ok/ok_0021.png,ok,0,synth,0.0,45,test
test/ok/ok_0022.png,ok,0,synth,0.0,45,test
test/ok/ok_0023.png,ok,0,synth,0.0,45,test
test/ok/ok_0024.png,ok,0,synth,0.0,45,test
test/ok/ok_0025.png,ok,0,synth,0.0,45,test
test/ok/ok_0026.png,ok,0,synth,0.0,45,test
test/ok/ok_0027.png,ok,0,synth,0.0,45,test
test/ok/ok_0028.png,ok,0,synth,0.0,45,test
test/ok/ok_0029.png,ok,0,synth,0.0,45,test
test/ok/ok_0030.png,ok,0,synth,0.0,45,test
test/ok/ok_0031.png,ok,0,synth,0.0,45,test
test/ok/ok_0032.png,ok,0,synth,0.0,45,test
test/ok/ok_0033.png,ok,0,synth,0.0,45,test
test/ok/ok_0034.png,ok,0,synth,0.0,45,test
test/ok/ok_0035.png,ok,0,synth,0.0,45,test
test/ok/ok_0036.png,ok,0,synth,0.0,45,test
test/ok/ok_0037.png,ok,0,synth,0.0,45,test
test/ok/ok_0038.png,ok,0,synth,0.0,45,test
test/ok/ok_0039.png,ok,0,synth,0.0,45,test
test/ok/ok_0040.png,ok,0,synth,0.0,45,test
test/ok/ok_0041.png,ok,0,synth,0.0,45,test
test/ok/ok_0042.png,ok,0,synth,0.0,45,test
test/ok/ok_0043.png,ok,0,synth,0.0,45,test
test/ok/ok_0044.png,ok,0,synth,0.0,45,test
test/ok/ok_0045.png,ok,0,synth,0.0,45,test
test/ok/ok_0046.png,ok,0,synth,0.0,45,test
test/ok/ok_0047.png,ok,0,synth,0.0,45,test
test/ok/ok_0048.png,ok,0,synth,0.0,45,test
test/ok/ok_0049.png,ok,0,synth,0.0,45,test
test/ok/ok_0050.png,ok,0,synth,0.0,45,test
test/ok/ok_0051.png,ok,0,synth,0.0,45,test
test/ok/ok_0052.png,ok,0,synth,0.0,45,test
test/ok/ok_0053.png,ok,0,synth,0.0,45,test
test/ok/ok_0054.png,ok,0,synth,0.0,45,test
test/ok/ok_0055.png,ok,0,synth,0.0,45,test
test/ok/ok_0056.png,ok,0,synth,0.0,45,test
test/ok/ok_0057.png,ok,0,synth,0.0,45,test
test/ok/ok_0058.png,ok,0,synth,0.0,45,test
test/ok/ok_0059.png,ok,0,synth,0.0,45,test
test/ok/ok_0060.png,ok,0,synth,0.0,45,test
test/ok/ok_0061.png,ok,0,synth,0.0,45,test
test/ok/ok_0062.png,ok,0,synth,0.0,45,test
test/ok/ok_0063.png,ok,0,synth,0.0,45,test
test/ok/ok_0064.png,ok,0,synth,0.0,45,test
test/ok/ok_0065.png,ok,0,synth,0.0,45,test
test/ok/ok_0066.png,ok,0,synth,0.0,45,test
test/ok/ok_0067.png,ok,0,synth,0.0,45,test
test/ok/ok_0068.png,ok,0,synth,0.0,45,test
test/ok/ok_0069.png,ok,0,synth,0.0,45,test
test/ok/ok_0070.png,ok,0,synth,0.0,45,test
test/ok/ok_0071.png,ok,0,synth,0.0,45,test
test/ok/ok_0072.png,ok,0,synth,0.0,45,test
test/ok/ok_0073.png,ok,0,synth,0.0,45,test
test/ok/ok_0074.png,ok,0,synth,0.0,45,test
test/hole/hole_0000.png,hole,1,synth,0.25,45,test
test/hole/hole_0001.png,hole,1,synth,0.4,45,test
test/hole/hole_0002.png,hole,1,synth,0.55,45,test
test/hole/hole_0003.png,hole,1,synth,0.7,45,test
test/hole/hole_0004.png,hole,1,synth,0.85,45,test
test/hole/hole_0005.png,hole,1,synth,1.0,45,test
test/hole/hole_0006.png,hole,1,synth,0.25,45,test
test/hole/hole_0007.png,hole,1,synth,0.4,45,test
test/hole/hole_0008.png,hole,1,synth,0.55,45,test
test/hole/hole_0009.png,hole,1,synth,0.7,45,test
test/hole/hole_0010.png,hole,1,synth,0.85,45,test
test/hole/hole_0011.png,hole,1,synth,1.0,45,test
test/hole/hole_0012.png,hole,1,synth,0.25,45,test
test/hole/hole_0013.png,hole,1,synth,0.4,45,test
test/hole/hole_0014.png,hole,1,synth,0.55,45,test
test/hole/hole_0015.png,hole,1,synth,0.7,45,test
test/hole/hole_0016.png,hole,1,synth,0.85,45,test
test/hole/hole_0017.png,hole,1,synth,1.0,45,test
test/hole/hole_0018.png,hole,1,synth,0.25,45,test
test/hole/hole_0019.png,hole,1,synth,0.4,45,test
test/hole/hole_0020.png,hole,1,synth,0.55,45,test
test/hole/hole_0021.png,hole,1,synth,0.7,45,test
test/hole/hole_0022.png,hole,1,synth,0.85,45,test
test/hole/hole_0023.png,hole,1,synth,1.0,45,test
test/hole/hole_0024.png,hole,1,synth,0.25,45,test
test/hole/hole_0025.png,hole,1,synth,0.4,45,test
test/hole/hole_0026.png,hole,1,synth,0.55,45,test
test/hole/hole_0027.png,hole,1,synth,0.7,45,test
test/hole/hole_0028.png,hole,1,synth,0.85,45,test
test/hole/hole_0029.png,hole,1,synth,1.0,45,test
test/hole/hole_0030.png,hole,1,synth,0.25,45,test
test/hole/hole_0031.png,hole,1,synth,0.4,45,test
test/hole/hole_0032.png,hole,1,synth,0.55,45,test
test/hole/hole_0033.png,hole,1,synth,0.7,45,test
test/hole/hole_0034.png,hole,1,synth,0.85,45,test
test/hole/hole_0035.png,hole,1,synth,1.0,45,test
test/hole/hole_0036.png,hole,1,synth,0.25,45,test
test/hole/hole_0037.png,hole,1,synth,0.4,45,test
test/hole/hole_0038.png,hole,1,synth,0.55,45,test
test/hole/hole_0039.png,hole,1,synth,0.7,45,test
test/hole/hole_0040.png,hole,1,synth,0.85,45,test
test/hole/hole_0041.png,hole,1,synth,1.0,45,test
test/hole/hole_0042.png,hole,1,synth,0.25,45,test
test/hole/hole_0043.png,hole,1,synth,0.4,45,test
test/hole/hole_0044.png,hole,1,synth,0.55,45,test
test/hole/hole_0045.png,hole,1,synth,0.7,45,test
test/hole/hole_0046.png,hole,1,synth,0.85,45,test
test/hole/hole_0047.png,hole,1,synth,1.0,45,test
test/hole/hole_0048.png,hole,1,synth,0.25,45,test
test/hole/hole_0049.png,hole,1,synth,0.4,45,test
test/hole/hole_0050.png,hole,1,synth,0.55,45,test
test/hole/hole_0051.png,hole,1,synth,0.7,45,test
test/hole/hole_0052.png,hole,1,synth,0.85,45,test
test/hole/hole_0053.png,hole,1,synth,1.0,45,test
test/hole/hole_0054.png,hole,1,synth,0.25,45,test
test/hole/hole_0055.png,hole,1,synth,0.4,45,test
test/hole/hole_0056.png,hole,1,synth,0.55,45,test
test/hole/hole_0057.png,hole,1,synth,0.7,45,test
test/hole/hole_0058.png,hole,1,synth,0.85,45,test
test/hole/hole_0059.png,hole,1,synth,1.0,45,test
test/hole/hole_0060.png,hole,1,synth,0.25,45,test
test/hole/hole_0061.png,hole,1,synth,0.4,45,test
test/hole/hole_0062.png,hole,1,synth,0.55,45,test
test/hole/hole_0063.png,hole,1,synth,0.7,45,test
test/hole/hole_0064.png,hole,1,synth,0.85,45,test
test/hole/hole_0065.png,hole,1,synth,1.0,45,test
test/hole/hole_0066.png,hole,1,synth,0.25,45,test
test/hole/hole_0067.png,hole,1,synth,0.4,45,test
test/hole/hole_0068.png,hole,1,synth,0.55,45,test
test/hole/hole_0069.png,hole,1,synth,0.7,45,test
test/hole/hole_0070.png,hole,1,synth,0.85,45,test
test/hole/hole_0071.png,hole,1,synth,1.0,45,test
test/hole/hole_0072.png,hole,1,synth,0.25,45,test
test/hole/hole_0073.png,hole,1,synth,0.4,45,test
test/hole/hole_0074.png,hole,1,synth,0.55,45,test
test/stain/stain_0000.png,stain,2,synth,0.25,45,test
test/stain/stain_0001.png,stain,2,synth,0.4,45,test
test/stain/stain_0002.png,stain,2,synth,0.55,45,test
test/stain/stain_0003.png,stain,2,synth,0.7,45,test
test/stain/stain_0004.png,stain,2,synth,0.85,45,test
test/stain/stain_0005.png,stain,2,synth,1.0,45,test
test/stain/stain_0006.png,stain,2,synth,0.25,45,test
test/stain/stain_0007.png,stain,2,synth,0.4,45,test
test/stain/stain_0008.png,stain,2,synth,0.55,45,test
test/stain/stain_0009.png,stain,2,synth,0.7,45,test
test/stain/stain_0010.png,stain,2,synth,0.85,45,test
test/stain/stain_0011.png,stain,2,synth,1.0,45,test
test/stain/stain_0012.png,stain,2,synth,0.25,45,test
test/stain/stain_0013.png,stain,2,synth,0.4,45,test
test/stain/stain_0014.png,stain,2,synth,0.55,45,test
test/stain/stain_0015.png,stain,2,synth,0.7,45,test
test/stain/stain_0016.png,stain,2,synth,0.85,45,test
test/stain/stain_0017.png,stain,2,synth,1.0,45,test
test/stain/stain_0018.png,stain,2,synth,0.25,45,test
test/stain/stain_0019.png,stain,2,synth,0.4,45,test
test/stain/stain_0020.png,stain,2,synth,0.55,45,test
test/stain/stain_0021.png,stain,2,synth,0.7,45,test
test/stain/stain_0022.png,stain,2,synth,0.85,45,test
test/stain/stain_0023.png,stain,2,synth,1.0,45,test
test/stain/stain_0024.png,stain,2,synth,0.25,45,test
test/stain/stain_0025.png,stain,2,synth,0.4,45,test
test/stain/stain_0026.png,stain,2,synth,0.55,45,test
test/stain/stain_0027.png,stain,2,synth,0.7,45,test
test/stain/stain_0028.png,stain,2,synth,0.85,45,test
test/stain/stain_0029.png,stain,2,synth,1.0,45,test
test/stain/stain_0030.png,stain,2,synth,0.25,45,test
test/stain/stain_0031.png,stain,2,synth,0.4,45,test
test/stain/stain_0032.png,stain,2,synth,0.55,45,test
test/stain/stain_0033.png,stain,2,synth,0.7,45,test
test/stain/stain_0034.png,stain,2,synth,0.85,45,test
test/stain/stain_0035.png,stain,2,synth,1.0,45,test
test/stain/stain_0036.png,stain,2,synth,0.25,45,test
test/stain/stain_0037.png,stain,2,synth,0.4,45,test
test/stain/stain_0038.png,stain,2,synth,0.55,45,test
test/stain/stain_0039.png,stain,2,synth,0.7,45,test
test/stain/stain_0040.png,stain,2,synth,0.85,45,test
test/stain/stain_0041.png,stain,2,synth,1.0,45,test
test/stain/stain_0042.png,stain,2,synth,0.25,45,test
test/stain/stain_0043.png,stain,2,synth,0.4,45,test
test/stain/stain_0044.png,stain,2,synth,0.55,45,test
test/stain/stain_0045.png,stain,2,synth,0.7,45,test
test/stain/stain_0046.png,stain,2,synth,0.85,45,test
test/stain/stain_0047.png,stain,2,synth,1.0,45,test
test/stain/stain_0048.png,stain,2,synth,0.25,45,test
test/stain/stain_0049.png,stain,2,synth,0.4,45,test
test/stain/stain_0050.png,stain,2,synth,0.55,45,test
test/stain/stain_0051.png,stain,2,synth,0.7,45,test
test/stain/stain_0052.png,stain,2,synth,0.85,45,test
test/stain/stain_0053.png,stain,2,synth,1.0,45,test
test/stain/stain_0054.png,stain,2,synth,0.25,45,test
test/stain/stain_0055.png,stain,2,synth,0.4,45,test
test/stain/stain_0056.png,stain,2,synth,0.55,45,test
test/stain/stain_0057.png,stain,2,synth,0.7,45,test
test/stain/stain_0058.png,stain,2,synth,0.85,45,test
test/stain/stain_0059.png,stain,2,synth,1.0,45,test
test/stain/stain_0060.png,stain,2,synth,0.25,45,test
test/stain/stain_0061.png,stain,2,synth,0.4,45,test
test/stain/stain_0062.png,stain,2,synth,0.55,45,test
test/stain/stain_0063.png,stain,2,synth,0.7,45,test
test/stain/stain_0064.png,stain,2,synth,0.85,45,test
test/stain/stain_0065.png,stain,2,synth,1.0,45,test
test/stain/stain_0066.png,stain,2,synth,0.25,45,test
test/stain/stain_0067.png,stain,2,synth,0.4,45,test
test/stain/stain_0068.png,stain,2,synth,0.55,45,test
test/stain/stain_0069.png,stain,2,synth,0.7,45,test
test/stain/stain_0070.png,stain,2,synth,0.85,45,test
test/stain/stain_0071.png,stain,2,synth,1.0,45,test
test/stain/stain_0072.png,stain,2,synth,0.25,45,test
test/stain/stain_0073.png,stain,2,synth,0.4,45,test
test/stain/stain_0074.png,stain,2,synth,0.55,45,test
test/broken_thread/broken_thread_0000.png,broken_thread,3,synth,0.25,45,test
test/broken_thread/broken_thread_0001.png,broken_thread,3,synth,0.4,45,test
test/broken_thread/broken_thread_0002.png,broken_thread,3,synth,0.55,45,test
test/broken_thread/broken_thread_0003.png,broken_thread,3,synth,0.7,45,test
test/broken_thread/broken_thread_0004.png,broken_thread,3,synth,0.85,45,test
test/broken_thread/broken_thread_0005.png,broken_thread,3,synth,1.0,45,test
test/broken_thread/broken_thread_0006.png,broken_thread,3,synth,0.25,45,test
test/broken_thread/broken_thread_0007.png,broken_thread,3,synth,0.4,45,test
test/broken_thread/broken_thread_0008.png,broken_thread,3,synth,0.55,45,test
test/broken_thread/broken_thread_0009.png,broken_thread,3,synth,0.7,45,test
test/broken_thread/broken_thread_0010.png,broken_thread,3,synth,0.85,45,test
test/broken_thread/broken_thread_0011.png,broken_thread,3,synth,1.0,45,test
test/broken_thread/broken_thread_0012.png,broken_thread,3,synth,0.25,45,test
test/broken_thread/broken_thread_0013.png,broken_thread,3,synth,0.4,45,test
test/broken_thread/broken_thread_0014.png,broken_thread,3,synth,0.55,45,test
test/broken_thread/broken_thread_0015.png,broken_thread,3,synth,0.7,45,test
test/broken_thread/broken_thread_0016.png,broken_thread,3,synth,0.85,45,test
test/broken_thread/broken_thread_0017.png,broken_thread,3,synth,1.0,45,test
test/broken_thread/broken_thread_0018.png,broken_thread,3,synth,0.25,45,test
test/broken_thread/broken_thread_0019.png,broken_thread,3,synth,0.4,45,test
test/broken_thread/broken_thread_0020.png,broken_thread,3,synth,0.55,45,test
test/broken_thread/broken_thread_0021.png,broken_thread,3,synth,0.7,45,test
test/broken_thread/broken_thread_0022.png,broken_thread,3,synth,0.85,45,test
test/broken_thread/broken_thread_0023.png,broken_thread,3,synth,1.0,45,test
test/broken_thread/broken_thread_0024.png,broken_thread,3,synth,0.25,45,test
test/broken_thread/broken_thread_0025.png,broken_thread,3,synth,0.4,45,test
test/broken_thread/broken_thread_0026.png,broken_thread,3,synth,0.55,45,test
test/broken_thread/broken_thread_0027.png,broken_thread,3,synth,0.7,45,test
test/broken_thread/broken_thread_0028.png,broken_thread,3,synth,0.85,45,test
test/broken_thread/broken_thread_0029.png,broken_thread,3,synth,1.0,45,test
test/broken_thread/broken_thread_0030.png,broken_thread,3,synth,0.25,45,test
test/broken_thread/broken_thread_0031.png,broken_thread,3,synth,0.4,45,test
test/broken_thread/broken_thread_0032.png,broken_thread,3,synth,0.55,45,test
test/broken_thread/broken_thread_0033.png,broken_thread,3,synth,0.7,45,test
test/broken_thread/broken_thread_0034.png,broken_thread,3,synth,0.85,45,test
test/broken_thread/broken_thread_0035.png,broken_thread,3,synth,1.0,45,test
test/broken_thread/broken_thread_0036.png,broken_thread,3,synth,0.25,45,test
test/broken_thread/broken_thread_0037.png,broken_thread,3,synth,0.4,45,test
test/broken_thread/broken_thread_0038.png,broken_thread,3,synth,0.55,45,test
test/broken_thread/broken_thread_0039.png,broken_thread,3,synth,0.7,45,test
test/broken_thread/broken_thread_0040.png,broken_thread,3,synth,0.85,45,test
test/broken_thread/broken_thread_0041.png,broken_thread,3,synth,1.0,45,test
test/broken_thread/broken_thread_0042.png,broken_thread,3,synth,0.25,45,test
test/broken_thread/broken_thread_0043.png,broken_thread,3,synth,0.4,45,test
test/broken_thread/broken_thread_0044.png,broken_thread,3,synth,0.55,45,test
test/broken_thread/broken_thread_0045.png,broken_thread,3,synth,0.7,45,test
test/broken_thread/broken_thread_0046.png,broken_thread,3,synth,0.85,45,test
test/broken_thread/broken_thread_0047.png,broken_thread,3,synth,1.0,45,test
test/broken_thread/broken_thread_0048.png,broken_thread,3,synth,0.25,45,test
test/broken_thread/broken_thread_0049.png,broken_thread,3,synth,0.4,45,test
test/broken_thread/broken_thread_0050.png,broken_thread,3,synth,0.55,45,test
test/broken_thread/broken_thread_0051.png,broken_thread,3,synth,0.7,45,test
test/broken_thread/broken_thread_0052.png,broken_thread,3,synth,0.85,45,test
test/broken_thread/broken_thread_0053.png,broken_thread,3,synth,1.0,45,test
test/broken_thread/broken_thread_0054.png,broken_thread,3,synth,0.25,45,test
test/broken_thread/broken_thread_0055.png,broken_thread,3,synth,0.4,45,test
test/broken_thread/broken_thread_0056.png,broken_thread,3,synth,0.55,45,test
test/broken_thread/broken_thread_0057.png,broken_thread,3,synth,0.7,45,test
test/broken_thread/broken_thread_0058.png,broken_thread,3,synth,0.85,45,test
test/broken_thread/broken_thread_0059.png,broken_thread,3,synth,1.0,45,test
test/broken_thread/broken_thread_0060.png,broken_thread,3,synth,0.25,45,test
test/broken_thread/broken_thread_0061.png,broken_thread,3,synth,0.4,45,test
test/broken_thread/broken_thread_0062.png,broken_thread,3,synth,0.55,45,test
test/broken_thread/broken_thread_0063.png,broken_thread,3,synth,0.7,45,test
test/broken_thread/broken_thread_0064.png,broken_thread,3,synth,0.85,45,test
test/broken_thread/broken_thread_0065.png,broken_thread,3,synth,1.0,45,test
test/broken_thread/broken_thread_0066.png,broken_thread,3,synth,0.25,45,test
test/broken_thread/broken_thread_0067.png,broken_thread,3,synth,0.4,45,test
test/broken_thread/broken_thread_0068.png,broken_thread,3,synth,0.55,45,test
test/broken_thread/broken_thread_0069.png,broken_thread,3,synth,0.7,45,test
test/broken_thread/broken_thread_0070.png,broken_thread,3,synth,0.85,45,test
test/broken_thread/broken_thread_0071.png,broken_thread,3,synth,1.0,45,test
test/broken_thread/broken_thread_0072.png,broken_thread,3,synth,0.25,45,test
test/broken_thread/broken_thread_0073.png,broken_thread,3,synth,0.4,45,test
test/broken_thread/broken_thread_0074.png,broken_thread,3,synth,0.55,45,test
test/shade_variation/shade_variation_0000.png,shade_variation,4,synth,0.25,45,test
test/shade_variation/shade_variation_0001.png,shade_variation,4,synth,0.4,45,test
test/shade_variation/shade_variation_0002.png,shade_variation,4,synth,0.55,45,test
test/shade_variation/shade_variation_0003.png,shade_variation,4,synth,0.7,45,test
test/shade_variation/shade_variation_0004.png,shade_variation,4,synth,0.85,45,test
test/shade_variation/shade_variation_0005.png,shade_variation,4,synth,1.0,45,test
test/shade_variation/shade_variation_0006.png,shade_variation,4,synth,0.25,45,test
test/shade_variation/shade_variation_0007.png,shade_variation,4,synth,0.4,45,test
test/shade_variation/shade_variation_0008.png,shade_variation,4,synth,0.55,45,test
test/shade_variation/shade_variation_0009.png,shade_variation,4,synth,0.7,45,test
test/shade_variation/shade_variation_0010.png,shade_variation,4,synth,0.85,45,test
test/shade_variation/shade_variation_0011.png,shade_variation,4,synth,1.0,45,test
test/shade_variation/shade_variation_0012.png,shade_variation,4,synth,0.25,45,test
test/shade_variation/shade_variation_0013.png,shade_variation,4,synth,0.4,45,test
test/shade_variation/shade_variation_0014.png,shade_variation,4,synth,0.55,45,test
test/shade_variation/shade_variation_0015.png,shade_variation,4,synth,0.7,45,test
test/shade_variation/shade_variation_0016.png,shade_variation,4,synth,0.85,45,test
test/shade_variation/shade_variation_0017.png,shade_variation,4,synth,1.0,45,test
test/shade_variation/shade_variation_0018.png,shade_variation,4,synth,0.25,45,test
test/shade_variation/shade_variation_0019.png,shade_variation,4,synth,0.4,45,test
test/shade_variation/shade_variation_0020.png,shade_variation,4,synth,0.55,45,test
test/shade_variation/shade_variation_0021.png,shade_variation,4,synth,0.7,45,test
test/shade_variation/shade_variation_0022.png,shade_variation,4,synth,0.85,45,test
test/shade_variation/shade_variation_0023.png,shade_variation,4,synth,1.0,45,test
test/shade_variation/shade_variation_0024.png,shade_variation,4,synth,0.25,45,test
test/shade_variation/shade_variation_0025.png,shade_variation,4,synth,0.4,45,test
test/shade_variation/shade_variation_0026.png,shade_variation,4,synth,0.55,45,test
test/shade_variation/shade_variation_0027.png,shade_variation,4,synth,0.7,45,test
test/shade_variation/shade_variation_0028.png,shade_variation,4,synth,0.85,45,test
test/shade_variation/shade_variation_0029.png,shade_variation,4,synth,1.0,45,test
test/shade_variation/shade_variation_0030.png,shade_variation,4,synth,0.25,45,test
test/shade_variation/shade_variation_0031.png,shade_variation,4,synth,0.4,45,test
test/shade_variation/shade_variation_0032.png,shade_variation,4,synth,0.55,45,test
test/shade_variation/shade_variation_0033.png,shade_variation,4,synth,0.7,45,test
test/shade_variation/shade_variation_0034.png,shade_variation,4,synth,0.85,45,test
test/shade_variation/shade_variation_0035.png,shade_variation,4,synth,1.0,45,test
test/shade_variation/shade_variation_0036.png,shade_variation,4,synth,0.25,45,test
test/shade_variation/shade_variation_0037.png,shade_variation,4,synth,0.4,45,test
test/shade_variation/shade_variation_0038.png,shade_variation,4,synth,0.55,45,test
test/shade_variation/shade_variation_0039.png,shade_variation,4,synth,0.7,45,test
test/shade_variation/shade_variation_0040.png,shade_variation,4,synth,0.85,45,test
test/shade_variation/shade_variation_0041.png,shade_variation,4,synth,1.0,45,test
test/shade_variation/shade_variation_0042.png,shade_variation,4,synth,0.25,45,test
test/shade_variation/shade_variation_0043.png,shade_variation,4,synth,0.4,45,test
test/shade_variation/shade_variation_0044.png,shade_variation,4,synth,0.55,45,test
test/shade_variation/shade_variation_0045.png,shade_variation,4,synth,0.7,45,test
test/shade_variation/shade_variation_0046.png,shade_variation,4,synth,0.85,45,test
test/shade_variation/shade_variation_0047.png,shade_variation,4,synth,1.0,45,test
test/shade_variation/shade_variation_0048.png,shade_variation,4,synth,0.25,45,test
test/shade_variation/shade_variation_0049.png,shade_variation,4,synth,0.4,45,test
test/shade_variation/shade_variation_0050.png,shade_variation,4,synth,0.55,45,test
test/shade_variation/shade_variation_0051.png,shade_variation,4,synth,0.7,45,test
test/shade_variation/shade_variation_0052.png,shade_variation,4,synth,0.85,45,test
test/shade_variation/shade_variation_0053.png,shade_variation,4,synth,1.0,45,test
test/shade_variation/shade_variation_0054.png,shade_variation,4,synth,0.25,45,test
test/shade_variation/shade_variation_0055.png,shade_variation,4,synth,0.4,45,test
test/shade_variation/shade_variation_0056.png,shade_variation,4,synth,0.55,45,test
test/shade_variation/shade_variation_0057.png,shade_variation,4,synth,0.7,45,test
test/shade_variation/shade_variation_0058.png,shade_variation,4,synth,0.85,45,test
test/shade_variation/shade_variation_0059.png,shade_variation,4,synth,1.0,45,test
test/shade_variation/shade_variation_0060.png,shade_variation,4,synth,0.25,45,test
test/shade_variation/shade_variation_0061.png,shade_variation,4,synth,0.4,45,test
test/shade_variation/shade_variation_0062.png,shade_variation,4,synth,0.55,45,test
test/shade_variation/shade_variation_0063.png,shade_variation,4,synth,0.7,45,test
test/shade_variation/shade_variation_0064.png,shade_variation,4,synth,0.85,45,test
test/shade_variation/shade_variation_0065.png,shade_variation,4,synth,1.0,45,test
test/shade_variation/shade_variation_0066.png,shade_variation,4,synth,0.25,45,test
test/shade_variation/shade_variation_0067.png,shade_variation,4,synth,0.4,45,test
test/shade_variation/shade_variation_0068.png,shade_variation,4,synth,0.55,45,test
test/shade_variation/shade_variation_0069.png,shade_variation,4,synth,0.7,45,test
test/shade_variation/shade_variation_0070.png,shade_variation,4,synth,0.85,45,test
test/shade_variation/shade_variation_0071.png,shade_variation,4,synth,1.0,45,test
test/shade_variation/shade_variation_0072.png,shade_variation,4,synth,0.25,45,test
test/shade_variation/shade_variation_0073.png,shade_variation,4,synth,0.4,45,test
test/shade_variation/shade_variation_0074.png,shade_variation,4,synth,0.55,45,test
test/print_misalignment/print_misalignment_0000.png,print_misalignment,5,synth,0.25,45,test
test/print_misalignment/print_misalignment_0001.png,print_misalignment,5,synth,0.4,45,test
test/print_misalignment/print_misalignment_0002.png,print_misalignment,5,synth,0.55,45,test
test/print_misalignment/print_misalignment_0003.png,print_misalignment,5,synth,0.7,45,test
test/print_misalignment/print_misalignment_0004.png,print_misalignment,5,synth,0.85,45,test
test/print_misalignment/print_misalignment_0005.png,print_misalignment,5,synth,1.0,45,test
test/print_misalignment/print_misalignment_0006.png,print_misalignment,5,synth,0.25,45,test
test/print_misalignment/print_misalignment_0007.png,print_misalignment,5,synth,0.4,45,test
test/print_misalignment/print_misalignment_0008.png,print_misalignment,5,synth,0.55,45,test
test/print_misalignment/print_misalignment_0009.png,print_misalignment,5,synth,0.7,45,test
test/print_misalignment/print_misalignment_0010.png,print_misalignment,5,synth,0.85,45,test
test/print_misalignment/print_misalignment_0011.png,print_misalignment,5,synth,1.0,45,test
test/print_misalignment/print_misalignment_0012.png,print_misalignment,5,synth,0.25,45,test
test/print_misalignment/print_misalignment_0013.png,print_misalignment,5,synth,0.4,45,test
test/print_misalignment/print_misalignment_0014.png,print_misalignment,5,synth,0.55,45,test
test/print_misalignment/print_misalignment_0015.png,print_misalignment,5,synth,0.7,45,test
test/print_misalignment/print_misalignment_0016.png,print_misalignment,5,synth,0.85,45,test
test/print_misalignment/print_misalignment_0017.png,print_misalignment,5,synth,1.0,45,test
test/print_misalignment/print_misalignment_0018.png,print_misalignment,5,synth,0.25,45,test
test/print_misalignment/print_misalignment_0019.png,print_misalignment,5,synth,0.4,45,test
test/print_misalignment/print_misalignment_0020.png,print_misalignment,5,synth,0.55,45,test
test/print_misalignment/print_misalignment_0021.png,print_misalignment,5,synth,0.7,45,test
test/print_misalignment/print_misalignment_0022.png,print_misalignment,5,synth,0.85,45,test
test/print_misalignment/print_misalignment_0023.png,print_misalignment,5,synth,1.0,45,test
test/print_misalignment/print_misalignment_0024.png,print_misalignment,5,synth,0.25,45,test
test/print_misalignment/print_misalignment_0025.png,print_misalignment,5,synth,0.4,45,test
test/print_misalignment/print_misalignment_0026.png,print_misalignment,5,synth,0.55,45,test
test/print_misalignment/print_misalignment_0027.png,print_misalignment,5,synth,0.7,45,test
test/print_misalignment/print_misalignment_0028.png,print_misalignment,5,synth,0.85,45,test
test/print_misalignment/print_misalignment_0029.png,print_misalignment,5,synth,1.0,45,test
test/print_misalignment/print_misalignment_0030.png,print_misalignment,5,synth,0.25,45,test
test/print_misalignment/print_misalignment_0031.png,print_misalignment,5,synth,0.4,45,test
test/print_misalignment/print_misalignment_0032.png,print_misalignment,5,synth,0.55,45,test
test/print_misalignment/print_misalignment_0033.png,print_misalignment,5,synth,0.7,45,test
test/print_misalignment/print_misalignment_0034.png,print_misalignment,5,synth,0.85,45,test
test/print_misalignment/print_misalignment_0035.png,print_misalignment,5,synth,1.0,45,test
test/print_misalignment/print_misalignment_0036.png,print_misalignment,5,synth,0.25,45,test
test/print_misalignment/print_misalignment_0037.png,print_misalignment,5,synth,0.4,45,test
test/print_misalignment/print_misalignment_0038.png,print_misalignment,5,synth,0.55,45,test
test/print_misalignment/print_misalignment_0039.png,print_misalignment,5,synth,0.7,45,test
test/print_misalignment/print_misalignment_0040.png,print_misalignment,5,synth,0.85,45,test
test/print_misalignment/print_misalignment_0041.png,print_misalignment,5,synth,1.0,45,test
test/print_misalignment/print_misalignment_0042.png,print_misalignment,5,synth,0.25,45,test
test/print_misalignment/print_misalignment_0043.png,print_misalignment,5,synth,0.4,45,test
test/print_misalignment/print_misalignment_0044.png,print_misalignment,5,synth,0.55,45,test
test/print_misalignment/print_misalignment_0045.png,print_misalignment,5,synth,0.7,45,test
test/print_misalignment/print_misalignment_0046.png,print_misalignment,5,synth,0.85,45,test
test/print_misalignment/print_misalignment_0047.png,print_misalignment,5,synth,1.0,45,test
test/print_misalignment/print_misalignment_0048.png,print_misalignment,5,synth,0.25,45,test
test/print_misalignment/print_misalignment_0049.png,print_misalignment,5,synth,0.4,45,test
test/print_misalignment/print_misalignment_0050.png,print_misalignment,5,synth,0.55,45,test
test/print_misalignment/print_misalignment_0051.png,print_misalignment,5,synth,0.7,45,test
test/print_misalignment/print_misalignment_0052.png,print_misalignment,5,synth,0.85,45,test
test/print_misalignment/print_misalignment_0053.png,print_misalignment,5,synth,1.0,45,test
test/print_misalignment/print_misalignment_0054.png,print_misalignment,5,synth,0.25,45,test
test/print_misalignment/print_misalignment_0055.png,print_misalignment,5,synth,0.4,45,test
test/print_misalignment/print_misalignment_0056.png,print_misalignment,5,synth,0.55,45,test
test/print_misalignment/print_misalignment_0057.png,print_misalignment,5,synth,0.7,45,test
test/print_misalignment/print_misalignment_0058.png,print_misalignment,5,synth,0.85,45,test
test/print_misalignment/print_misalignment_0059.png,print_misalignment,5,synth,1.0,45,test
test/print_misalignment/print_misalignment_0060.png,print_misalignment,5,synth,0.25,45,test
test/print_misalignment/print_misalignment_0061.png,print_misalignment,5,synth,0.4,45,test
test/print_misalignment/print_misalignment_0062.png,print_misalignment,5,synth,0.55,45,test
test/print_misalignment/print_misalignment_0063.png,print_misalignment,5,synth,0.7,45,test
test/print_misalignment/print_misalignment_0064.png,print_misalignment,5,synth,0.85,45,test
test/print_misalignment/print_misalignment_0065.png,print_misalignment,5,synth,1.0,45,test
test/print_misalignment/print_misalignment_0066.png,print_misalignment,5,synth,0.25,45,test
test/print_misalignment/print_misalignment_0067.png,print_misalignment,5,synth,0.4,45,test
test/print_misalignment/print_misalignment_0068.png,print_misalignment,5,synth,0.55,45,test
test/print_misalignment/print_misalignment_0069.png,print_misalignment,5,synth,0.7,45,test
test/print_misalignment/print_misalignment_0070.png,print_misalignment,5,synth,0.85,45,test
test/print_misalignment/print_misalignment_0071.png,print_misalignment,5,synth,1.0,45,test
test/print_misalignment/print_misalignment_0072.png,print_misalignment,5,synth,0.25,45,test
test/print_misalignment/print_misalignment_0073.png,print_misalignment,5,synth,0.4,45,test
test/print_misalignment/print_misalignment_0074.png,print_misalignment,5,synth,0.55,45,test
